x-axis,1,2
second,Volt,Volt
+8.4000E-03,,
+8.4100E-03,-63.7814E-03,-15.0251E-03
+8.4200E-03,-32.1231E-03,-16.2814E-03
+8.4300E-03,-15.5402E-03,-15.0251E-03
+8.4400E-03,+15.6156E-03,-16.2814E-03
+8.4500E-03,+40.7412E-03,-15.0251E-03
+8.4600E-03,+57.3241E-03,-15.0251E-03
+8.4700E-03,+85.4648E-03,-15.0251E-03
+8.4800E-03,+113.1030E-03,-15.0251E-03
+8.4900E-03,+132.1985E-03,-15.0251E-03
+8.5000E-03,+153.3040E-03,-15.0251E-03
+8.5100E-03,+177.4246E-03,-15.0251E-03
+8.5200E-03,+201.5452E-03,-15.0251E-03
+8.5300E-03,+225.6658E-03,-15.0251E-03
+8.5400E-03,+242.2487E-03,-15.0251E-03
+8.5500E-03,+265.8668E-03,-15.0251E-03
+8.5600E-03,+289.9874E-03,-15.0251E-03
+8.5700E-03,+302.5502E-03,-15.0251E-03
+8.5800E-03,+313.1030E-03,-12.5125E-03
+8.5900E-03,+322.1482E-03,+5.0754E-03
+8.6000E-03,+330.1884E-03,-15.0251E-03
+8.6100E-03,+338.2286E-03,-15.0251E-03
+8.6200E-03,+346.2688E-03,-16.2814E-03
+8.6300E-03,+338.2286E-03,-15.0251E-03
+8.6400E-03,+346.7714E-03,+3.8191E-03
+8.6500E-03,+355.3141E-03,-15.0251E-03
+8.6600E-03,+354.3090E-03,-15.0251E-03
+8.6700E-03,+349.2839E-03,-15.0251E-03
+8.6800E-03,+361.3442E-03,-32.6130E-03
+8.6900E-03,+357.3241E-03,-2.4623E-03
+8.7000E-03,+354.8116E-03,-15.0251E-03
+8.7100E-03,+357.3241E-03,-15.0251E-03
+8.7200E-03,+362.3492E-03,-16.2814E-03
+8.7300E-03,+357.3241E-03,-17.5377E-03
+8.7400E-03,+361.3442E-03,-15.0251E-03
+8.7500E-03,+358.8317E-03,-15.0251E-03
+8.7600E-03,+361.3442E-03,-16.2814E-03
+8.7700E-03,+362.3492E-03,-15.0251E-03
+8.7800E-03,+361.3442E-03,-15.0251E-03
+8.7900E-03,+358.8317E-03,-6.2311E-03
+8.8000E-03,+362.3492E-03,+3.8191E-03
+8.8100E-03,+354.3090E-03,-15.0251E-03
+8.8200E-03,+354.3090E-03,-15.0251E-03
+8.8300E-03,+354.3090E-03,-15.0251E-03
+8.8400E-03,+354.8116E-03,-15.0251E-03
+8.8500E-03,+358.8317E-03,-22.5628E-03
+8.8600E-03,+354.3090E-03,+3.8191E-03
+8.8700E-03,+350.7915E-03,-15.0251E-03
+8.8800E-03,+353.3040E-03,-32.6130E-03
+8.8900E-03,+354.3090E-03,-15.0251E-03
+8.9000E-03,+354.3090E-03,+3.8191E-03
+8.9100E-03,+342.7513E-03,-15.0251E-03
+8.9200E-03,+345.2638E-03,-16.2814E-03
+8.9300E-03,+341.2437E-03,+5.0754E-03
+8.9400E-03,+337.2236E-03,-16.2814E-03
+8.9500E-03,+338.2286E-03,-22.5628E-03
+8.9600E-03,+337.2236E-03,-12.5125E-03
+8.9700E-03,+326.6709E-03,-22.5628E-03
+8.9800E-03,+314.1080E-03,-15.0251E-03
+8.9900E-03,+314.1080E-03,-2.4623E-03
+9.0000E-03,+290.4899E-03,-31.3568E-03
+9.0100E-03,+284.9623E-03,-15.0251E-03
+9.0200E-03,+266.3693E-03,-32.6130E-03
+9.0300E-03,+260.8417E-03,-15.0251E-03
+9.0400E-03,+242.2487E-03,-15.0251E-03
+9.0500E-03,+233.7060E-03,-15.0251E-03
+9.0600E-03,+217.6256E-03,-15.0251E-03
+9.0700E-03,+201.5452E-03,-15.0251E-03
+9.0800E-03,+177.9271E-03,-35.1256E-03
+9.0900E-03,+169.3844E-03,-17.5377E-03
+9.1000E-03,+145.2638E-03,+2.5628E-03
+9.1100E-03,+129.1834E-03,-15.0251E-03
+9.1200E-03,+112.0980E-03,-15.0251E-03
+9.1300E-03,+97.0226E-03,-15.0251E-03
+9.1400E-03,+65.8668E-03,-15.0251E-03
+9.1500E-03,+55.3141E-03,-15.0251E-03
+9.1600E-03,+39.7362E-03,-16.2814E-03
+9.1700E-03,+24.6608E-03,-15.0251E-03
+9.1800E-03,-464.8E-06,-12.5125E-03
+9.1900E-03,-18.5553E-03,-15.0251E-03
+9.2000E-03,-39.6608E-03,-15.0251E-03
+9.2100E-03,-66.7965E-03,-22.5628E-03
+9.2200E-03,-94.9372E-03,-15.0251E-03
+9.2300E-03,-103.9824E-03,-22.5628E-03
+9.2400E-03,-121.0678E-03,-15.0251E-03
+9.2500E-03,-160.2638E-03,-15.0251E-03
+9.2600E-03,-175.3392E-03,-16.2814E-03
+9.2700E-03,-200.4648E-03,-15.0251E-03
+9.2800E-03,-225.0879E-03,-32.6130E-03
+9.2900E-03,-248.7060E-03,-15.0251E-03
+9.3000E-03,-271.8216E-03,+3.8191E-03
+9.3100E-03,-297.9523E-03,-2.4623E-03
+9.3200E-03,-313.5301E-03,-15.0251E-03
+9.3300E-03,-329.1080E-03,-15.0251E-03
+9.3400E-03,-361.2688E-03,+5.0754E-03
+9.3500E-03,-377.3492E-03,-26.3316E-03
+9.3600E-03,-393.9322E-03,+3.8191E-03
+9.3700E-03,-420.5653E-03,-35.1256E-03
+9.3800E-03,-440.6658E-03,-16.2814E-03
+9.3900E-03,-452.7261E-03,-22.5628E-03
+9.4000E-03,-465.7915E-03,+3.8191E-03
+9.4100E-03,-478.3543E-03,-11.2563E-03
+9.4200E-03,-496.9472E-03,-16.2814E-03
+9.4300E-03,-505.9925E-03,-26.3316E-03
+9.4400E-03,-514.5352E-03,+3.8191E-03
+9.4500E-03,-533.1281E-03,-15.0251E-03
+9.4600E-03,-530.1131E-03,-35.1256E-03
+9.4700E-03,-546.1935E-03,-2.4623E-03
+9.4800E-03,-546.6960E-03,-15.0251E-03
+9.4900E-03,-554.2337E-03,-2.4623E-03
+9.5000E-03,-561.2688E-03,-15.0251E-03
+9.5100E-03,-562.2739E-03,-15.0251E-03
+9.5200E-03,-570.3141E-03,-15.0251E-03
+9.5300E-03,-566.7965E-03,-11.2563E-03
+9.5400E-03,-562.2739E-03,-15.0251E-03
+9.5500E-03,-570.3141E-03,-15.0251E-03
+9.5600E-03,-561.2688E-03,-15.0251E-03
+9.5700E-03,-549.2085E-03,-15.0251E-03
+9.5800E-03,-545.1884E-03,+3.8191E-03
+9.5900E-03,-538.1533E-03,-15.0251E-03
+9.6000E-03,-529.1080E-03,-32.6130E-03
+9.6100E-03,-514.0327E-03,-15.0251E-03
+9.6200E-03,-504.9874E-03,-15.0251E-03
+9.6300E-03,-486.3945E-03,-15.0251E-03
+9.6400E-03,-472.8266E-03,-15.0251E-03
+9.6500E-03,-462.2739E-03,-15.0251E-03
+9.6600E-03,-440.6658E-03,-15.0251E-03
+9.6700E-03,-425.5904E-03,-17.5377E-03
+9.6800E-03,-401.4698E-03,-16.2814E-03
+9.6900E-03,-385.3894E-03,-35.1256E-03
+9.7000E-03,-360.2638E-03,-15.0251E-03
+9.7100E-03,-340.1633E-03,-26.3316E-03
+9.7200E-03,-313.0276E-03,-16.2814E-03
+9.7300E-03,-287.3995E-03,-15.0251E-03
+9.7400E-03,-264.7864E-03,-15.0251E-03
+9.7500E-03,-232.6256E-03,-6.2311E-03
+9.7600E-03,-208.5050E-03,-15.0251E-03
+9.7700E-03,-179.3593E-03,-15.0251E-03
+9.7800E-03,-152.2236E-03,+3.8191E-03
+9.7900E-03,-124.5854E-03,-31.3568E-03
+9.8000E-03,-96.4447E-03,+3.8191E-03
+9.8100E-03,-76.3442E-03,-15.0251E-03
+9.8200E-03,-47.7010E-03,-16.2814E-03
+9.8300E-03,-23.5804E-03,-22.5628E-03
+9.8400E-03,+7.5754E-03,-15.0251E-03
+9.8500E-03,+37.2236E-03,-6.2311E-03
+9.8600E-03,+49.2839E-03,-16.2814E-03
+9.8700E-03,+80.9422E-03,-26.3316E-03
+9.8800E-03,+105.0628E-03,-15.0251E-03
+9.8900E-03,+125.6658E-03,-11.2563E-03
+9.9000E-03,+152.2990E-03,-15.0251E-03
+9.9100E-03,+172.3995E-03,-26.3316E-03
+9.9200E-03,+193.5050E-03,-15.0251E-03
+9.9300E-03,+222.1482E-03,-15.0251E-03
+9.9400E-03,+241.7462E-03,-15.0251E-03
+9.9500E-03,+254.3090E-03,-26.3316E-03
+9.9600E-03,+274.4095E-03,-15.0251E-03
+9.9700E-03,+289.9874E-03,-15.0251E-03
+9.9800E-03,+313.1030E-03,+3.8191E-03
+9.9900E-03,+318.6306E-03,-15.0251E-03
+10.0000E-03,+322.6508E-03,-35.1256E-03
+10.0100E-03,+338.2286E-03,-15.0251E-03
+10.0200E-03,+345.2638E-03,-15.0251E-03
+10.0300E-03,+342.7513E-03,-26.3316E-03
+10.0400E-03,+346.2688E-03,-16.2814E-03
+10.0500E-03,+350.7915E-03,-15.0251E-03
+10.0600E-03,+353.3040E-03,-15.0251E-03
+10.0700E-03,+349.2839E-03,-15.0251E-03
+10.0800E-03,+361.3442E-03,-15.0251E-03
+10.0900E-03,+350.7915E-03,-26.3316E-03
+10.1000E-03,+361.3442E-03,-16.2814E-03
+10.1100E-03,+354.3090E-03,-26.3316E-03
+10.1200E-03,+354.8116E-03,-35.1256E-03
+10.1300E-03,+362.3492E-03,-15.0251E-03
+10.1400E-03,+362.3492E-03,-15.0251E-03
+10.1500E-03,+362.3492E-03,-22.5628E-03
+10.1600E-03,+360.8417E-03,-15.0251E-03
+10.1700E-03,+357.3241E-03,-15.0251E-03
+10.1800E-03,+362.3492E-03,-15.0251E-03
+10.1900E-03,+362.3492E-03,-6.2311E-03
+10.2000E-03,+362.3492E-03,-15.0251E-03
+10.2100E-03,+358.8317E-03,-22.5628E-03
+10.2200E-03,+362.3492E-03,-15.0251E-03
+10.2300E-03,+357.3241E-03,-15.0251E-03
+10.2400E-03,+354.8116E-03,-15.0251E-03
+10.2500E-03,+357.3241E-03,-15.0251E-03
+10.2600E-03,+354.3090E-03,-35.1256E-03
+10.2700E-03,+354.3090E-03,-15.0251E-03
+10.2800E-03,+346.7714E-03,-12.5125E-03
+10.2900E-03,+349.2839E-03,-15.0251E-03
+10.3000E-03,+354.3090E-03,-15.0251E-03
+10.3100E-03,+350.7915E-03,-15.0251E-03
+10.3200E-03,+338.7312E-03,-32.6130E-03
+10.3300E-03,+333.2035E-03,-26.3316E-03
+10.3400E-03,+338.2286E-03,-16.2814E-03
+10.3500E-03,+334.7111E-03,-15.0251E-03
+10.3600E-03,+330.6910E-03,+3.8191E-03
+10.3700E-03,+326.6709E-03,-15.0251E-03
+10.3800E-03,+321.1432E-03,-32.6130E-03
+10.3900E-03,+314.1080E-03,-2.4623E-03
+10.4000E-03,+306.0678E-03,-15.0251E-03
+10.4100E-03,+289.9874E-03,-22.5628E-03
+10.4200E-03,+274.4095E-03,-15.0251E-03
+10.4300E-03,+265.8668E-03,-26.3316E-03
+10.4400E-03,+242.2487E-03,-15.0251E-03
+10.4500E-03,+238.2286E-03,-2.4623E-03
+10.4600E-03,+217.6256E-03,-15.0251E-03
+10.4700E-03,+201.5452E-03,-15.0251E-03
+10.4800E-03,+192.5000E-03,-16.2814E-03
+10.4900E-03,+173.9070E-03,-15.0251E-03
+10.5000E-03,+153.3040E-03,-15.0251E-03
+10.5100E-03,+137.2236E-03,-6.2311E-03
+10.5200E-03,+120.1382E-03,-16.2814E-03
+10.5300E-03,+97.0226E-03,-15.0251E-03
+10.5400E-03,+80.9422E-03,-15.0251E-03
+10.5500E-03,+56.8216E-03,-15.0251E-03
+10.5600E-03,+41.2437E-03,-32.6130E-03
+10.5700E-03,+24.6608E-03,-22.5628E-03
+10.5800E-03,+7.5754E-03,-15.0251E-03
+10.5900E-03,-16.5452E-03,-15.0251E-03
+10.6000E-03,-39.6608E-03,-15.0251E-03
+10.6100E-03,-55.7412E-03,-15.0251E-03
+10.6200E-03,-80.3643E-03,-32.6130E-03
+10.6300E-03,-102.4749E-03,-22.5628E-03
+10.6400E-03,-128.1030E-03,-16.2814E-03
+10.6500E-03,-144.1834E-03,-15.0251E-03
+10.6600E-03,-176.3442E-03,-15.0251E-03
+10.6700E-03,-196.9472E-03,-26.3316E-03
+10.6800E-03,-216.5452E-03,-15.0251E-03
+10.6900E-03,-240.6658E-03,-15.0251E-03
+10.7000E-03,-257.7513E-03,-15.0251E-03
+10.7100E-03,-288.9070E-03,-15.0251E-03
+10.7200E-03,-320.0628E-03,-32.6130E-03
+10.7300E-03,-329.1080E-03,-15.0251E-03
+10.7400E-03,-346.1935E-03,-32.6130E-03
+10.7500E-03,-372.3241E-03,-26.3316E-03
+10.7600E-03,-385.8920E-03,-15.0251E-03
+10.7700E-03,-408.0025E-03,-26.3316E-03
+10.7800E-03,-433.6306E-03,-32.6130E-03
+10.7900E-03,-446.1935E-03,-15.0251E-03
+10.8000E-03,-465.7915E-03,-15.0251E-03
+10.8100E-03,-473.8317E-03,-22.5628E-03
+10.8200E-03,-490.4146E-03,-16.2814E-03
+10.8300E-03,-505.9925E-03,-15.0251E-03
+10.8400E-03,-514.0327E-03,-15.0251E-03
+10.8500E-03,-530.1131E-03,-15.0251E-03
+10.8600E-03,-538.1533E-03,-15.0251E-03
+10.8700E-03,-542.6759E-03,-15.0251E-03
+10.8800E-03,-546.6960E-03,-32.6130E-03
+10.8900E-03,-554.2337E-03,-22.5628E-03
+10.9000E-03,-555.2387E-03,-15.0251E-03
+10.9100E-03,-562.2739E-03,-22.5628E-03
+10.9200E-03,-562.2739E-03,-16.2814E-03
+10.9300E-03,-570.3141E-03,-22.5628E-03
+10.9400E-03,-569.3090E-03,-15.0251E-03
+10.9500E-03,-565.2889E-03,-22.5628E-03
+10.9600E-03,-547.1985E-03,-16.2814E-03
+10.9700E-03,-549.2085E-03,-22.5628E-03
+10.9800E-03,-538.6558E-03,-15.0251E-03
+10.9900E-03,-538.1533E-03,-6.2311E-03
+11.0000E-03,-522.0729E-03,-15.0251E-03
+11.0100E-03,-522.0729E-03,-37.6382E-03
+11.0200E-03,-498.9573E-03,-15.0251E-03
+11.0300E-03,-486.3945E-03,-15.0251E-03
+11.0400E-03,-473.8317E-03,+2.5628E-03
+11.0500E-03,-465.7915E-03,-26.3316E-03
+11.0600E-03,-441.6708E-03,-15.0251E-03
+11.0700E-03,-422.0729E-03,-15.0251E-03
+11.0800E-03,-408.0025E-03,+2.5628E-03
+11.0900E-03,-388.4045E-03,-2.4623E-03
+11.1000E-03,-369.3090E-03,-32.6130E-03
+11.1100E-03,-340.1633E-03,-26.3316E-03
+11.1200E-03,-313.5301E-03,-15.0251E-03
+11.1300E-03,-293.4296E-03,-22.5628E-03
+11.1400E-03,-264.7864E-03,-15.0251E-03
+11.1500E-03,-245.1884E-03,-15.0251E-03
+11.1600E-03,-216.5452E-03,-15.0251E-03
+11.1700E-03,-187.3995E-03,-35.1256E-03
+11.1800E-03,-160.7663E-03,-15.0251E-03
+11.1900E-03,-140.6658E-03,-2.4623E-03
+11.2000E-03,-111.0176E-03,-15.0251E-03
+11.2100E-03,-76.3442E-03,-15.0251E-03
+11.2200E-03,-55.7412E-03,-15.0251E-03
+11.2300E-03,-28.1030E-03,-2.4623E-03
+11.2400E-03,+540.2E-06,+2.5628E-03
+11.2500E-03,+29.1834E-03,-15.0251E-03
+11.2600E-03,+49.2839E-03,-15.0251E-03
+11.2700E-03,+77.4246E-03,-6.2311E-03
+11.2800E-03,+105.0628E-03,-31.3568E-03
+11.2900E-03,+121.1432E-03,-2.4623E-03
+11.3000E-03,+145.2638E-03,+3.8191E-03
+11.3100E-03,+169.3844E-03,-15.0251E-03
+11.3200E-03,+193.5050E-03,-12.5125E-03
+11.3300E-03,+209.5854E-03,-11.2563E-03
+11.3400E-03,+233.7060E-03,+3.8191E-03
+11.3500E-03,+252.8015E-03,-22.5628E-03
+11.3600E-03,+274.4095E-03,-15.0251E-03
+11.3700E-03,+286.4698E-03,-26.3316E-03
+11.3800E-03,+298.5301E-03,-31.3568E-03
+11.3900E-03,+318.6306E-03,-15.0251E-03
+11.4000E-03,+330.1884E-03,-32.6130E-03
+11.4100E-03,+338.2286E-03,-15.0251E-03
+11.4200E-03,+345.2638E-03,-16.2814E-03
+11.4300E-03,+341.2437E-03,-26.3316E-03
+11.4400E-03,+346.2688E-03,-15.0251E-03
+11.4500E-03,+346.2688E-03,-15.0251E-03
+11.4600E-03,+346.7714E-03,-16.2814E-03
+11.4700E-03,+354.3090E-03,-35.1256E-03
+11.4800E-03,+354.3090E-03,-15.0251E-03
+11.4900E-03,+354.3090E-03,-15.0251E-03
+11.5000E-03,+354.3090E-03,-15.0251E-03
+11.5100E-03,+358.8317E-03,-15.0251E-03
+11.5200E-03,+354.3090E-03,-15.0251E-03
+11.5300E-03,+357.3241E-03,-15.0251E-03
+11.5400E-03,+362.3492E-03,-15.0251E-03
+11.5500E-03,+358.8317E-03,-26.3316E-03
+11.5600E-03,+354.8116E-03,-12.5125E-03
+11.5700E-03,+362.3492E-03,-15.0251E-03
+11.5800E-03,+362.3492E-03,+2.5628E-03
+11.5900E-03,+362.3492E-03,-15.0251E-03
+11.6000E-03,+362.3492E-03,-15.0251E-03
+11.6100E-03,+357.3241E-03,-15.0251E-03
+11.6200E-03,+354.8116E-03,-16.2814E-03
+11.6300E-03,+358.8317E-03,-15.0251E-03
+11.6400E-03,+354.3090E-03,-15.0251E-03
+11.6500E-03,+349.2839E-03,-26.3316E-03
+11.6600E-03,+354.3090E-03,-15.0251E-03
+11.6700E-03,+354.3090E-03,-15.0251E-03
+11.6800E-03,+354.3090E-03,-15.0251E-03
+11.6900E-03,+349.2839E-03,-15.0251E-03
+11.7000E-03,+346.7714E-03,-32.6130E-03
+11.7100E-03,+349.2839E-03,-15.0251E-03
+11.7200E-03,+346.2688E-03,-15.0251E-03
+11.7300E-03,+346.2688E-03,-15.0251E-03
+11.7400E-03,+338.2286E-03,-15.0251E-03
+11.7500E-03,+338.2286E-03,-17.5377E-03
+11.7600E-03,+330.6910E-03,-15.0251E-03
+11.7700E-03,+330.1884E-03,-2.4623E-03
+11.7800E-03,+329.1834E-03,-35.1256E-03
+11.7900E-03,+309.0829E-03,-15.0251E-03
+11.8000E-03,+306.0678E-03,-15.0251E-03
+11.8100E-03,+290.9925E-03,-15.0251E-03
+11.8200E-03,+289.9874E-03,+3.8191E-03
+11.8300E-03,+268.8819E-03,-2.4623E-03
+11.8400E-03,+256.8216E-03,-15.0251E-03
+11.8500E-03,+241.7462E-03,-15.0251E-03
+11.8600E-03,+218.1281E-03,-16.2814E-03
+11.8700E-03,+206.0678E-03,-15.0251E-03
+11.8800E-03,+193.5050E-03,-15.0251E-03
+11.8900E-03,+172.3995E-03,-15.0251E-03
+11.9000E-03,+160.3392E-03,-15.0251E-03
+11.9100E-03,+140.2387E-03,-15.0251E-03
+11.9200E-03,+121.6457E-03,-15.0251E-03
+11.9300E-03,+105.0628E-03,-15.0251E-03
+11.9400E-03,+88.9824E-03,-32.6130E-03
+11.9500E-03,+72.9020E-03,-15.0251E-03
+11.9600E-03,+49.2839E-03,-15.0251E-03
+11.9700E-03,+27.6759E-03,-26.3316E-03
+11.9800E-03,+7.5754E-03,-16.2814E-03
+11.9900E-03,-8.5050E-03,-2.4623E-03
+12.0000E-03,-31.6206E-03,-15.0251E-03
+12.0100E-03,-42.6759E-03,-15.0251E-03
+12.0200E-03,-64.2839E-03,+2.5628E-03
+12.0300E-03,-92.4246E-03,-22.5628E-03
+12.0400E-03,-120.0628E-03,-32.6130E-03
+12.0500E-03,-144.1834E-03,-22.5628E-03
+12.0600E-03,-160.7663E-03,-15.0251E-03
+12.0700E-03,-187.3995E-03,-15.0251E-03
+12.0800E-03,-208.5050E-03,-15.0251E-03
+12.0900E-03,-232.6256E-03,-15.0251E-03
+12.1000E-03,-264.7864E-03,-12.5125E-03
+12.1100E-03,-280.8668E-03,-15.0251E-03
+12.1200E-03,-304.9874E-03,-15.0251E-03
+12.1300E-03,-325.5904E-03,-15.0251E-03
+12.1400E-03,-345.6910E-03,-16.2814E-03
+12.1500E-03,-361.2688E-03,-15.0251E-03
+12.1600E-03,-392.4246E-03,-15.0251E-03
+12.1700E-03,-396.4447E-03,-15.0251E-03
+12.1800E-03,-418.0528E-03,-15.0251E-03
+12.1900E-03,-436.6457E-03,-15.0251E-03
+12.2000E-03,-457.7513E-03,-15.0251E-03
+12.2100E-03,-470.3141E-03,-15.0251E-03
+12.2200E-03,-482.3744E-03,-31.3568E-03
+12.2300E-03,-497.9523E-03,-6.2311E-03
+12.2400E-03,-514.0327E-03,-12.5125E-03
+12.2500E-03,-522.0729E-03,-15.0251E-03
+12.2600E-03,-529.1080E-03,-32.6130E-03
+12.2700E-03,-542.6759E-03,-15.0251E-03
+12.2800E-03,-553.2286E-03,-15.0251E-03
+12.2900E-03,-554.2337E-03,-15.0251E-03
+12.3000E-03,-554.2337E-03,-35.1256E-03
+12.3100E-03,-558.7563E-03,-22.5628E-03
+12.3200E-03,-570.3141E-03,-15.0251E-03
+12.3300E-03,-565.2889E-03,-15.0251E-03
+12.3400E-03,-570.3141E-03,-15.0251E-03
+12.3500E-03,-566.7965E-03,-15.0251E-03
+12.3600E-03,-554.2337E-03,-15.0251E-03
+12.3700E-03,-554.2337E-03,-15.0251E-03
+12.3800E-03,-546.1935E-03,-15.0251E-03
+12.3900E-03,-542.6759E-03,-11.2563E-03
+12.4000E-03,-530.1131E-03,-15.0251E-03
+12.4100E-03,-518.5553E-03,-22.5628E-03
+12.4200E-03,-498.4548E-03,-15.0251E-03
+12.4300E-03,-497.9523E-03,-15.0251E-03
+12.4400E-03,-481.8719E-03,+3.8191E-03
+12.4500E-03,-465.7915E-03,-15.0251E-03
+12.4600E-03,-456.2437E-03,-32.6130E-03
+12.4700E-03,-433.6306E-03,-15.0251E-03
+12.4800E-03,-416.5452E-03,-12.5125E-03
+12.4900E-03,-393.4296E-03,-26.3316E-03
+12.5000E-03,-369.3090E-03,-16.2814E-03
+12.5100E-03,-348.2035E-03,-35.1256E-03
+12.5200E-03,-321.5703E-03,-35.1256E-03
+12.5300E-03,-304.9874E-03,-26.3316E-03
+12.5400E-03,-279.8618E-03,-12.5125E-03
+12.5500E-03,-256.7462E-03,-15.0251E-03
+12.5600E-03,-224.5854E-03,-15.0251E-03
+12.5700E-03,-196.9472E-03,-15.0251E-03
+12.5800E-03,-168.3040E-03,-15.0251E-03
+12.5900E-03,-139.1583E-03,-2.4623E-03
+12.6000E-03,-118.5553E-03,-15.0251E-03
+12.6100E-03,-95.9422E-03,-15.0251E-03
+12.6200E-03,-62.7764E-03,-15.0251E-03
+12.6300E-03,-31.6206E-03,-26.3316E-03
+12.6400E-03,-464.8E-06,-35.1256E-03
+12.6500E-03,+16.6206E-03,-15.0251E-03
+12.6600E-03,+48.7814E-03,-15.0251E-03
+12.6700E-03,+64.8618E-03,-15.0251E-03
+12.6800E-03,+104.0578E-03,-15.0251E-03
+12.6900E-03,+117.6256E-03,-26.3316E-03
+12.7000E-03,+137.7261E-03,-15.0251E-03
+12.7100E-03,+157.8266E-03,-26.3316E-03
+12.7200E-03,+177.9271E-03,+3.8191E-03
+12.7300E-03,+206.0678E-03,-22.5628E-03
+12.7400E-03,+218.1281E-03,-16.2814E-03
+12.7500E-03,+257.8266E-03,-22.5628E-03
+12.7600E-03,+274.4095E-03,-15.0251E-03
+12.7700E-03,+286.4698E-03,-22.5628E-03
+12.7800E-03,+298.0276E-03,-15.0251E-03
+12.7900E-03,+309.0829E-03,-15.0251E-03
+12.8000E-03,+322.6508E-03,-32.6130E-03
+12.8100E-03,+330.1884E-03,-15.0251E-03
+12.8200E-03,+337.2236E-03,-16.2814E-03
+12.8300E-03,+342.7513E-03,-26.3316E-03
+12.8400E-03,+346.2688E-03,-15.0251E-03
+12.8500E-03,+354.3090E-03,-15.0251E-03
+12.8600E-03,+354.3090E-03,-32.6130E-03
+12.8700E-03,+350.7915E-03,-15.0251E-03
+12.8800E-03,+354.3090E-03,-16.2814E-03
+12.8900E-03,+350.7915E-03,-15.0251E-03
+12.9000E-03,+354.8116E-03,-15.0251E-03
+12.9100E-03,+357.3241E-03,-15.0251E-03
+12.9200E-03,+362.3492E-03,-15.0251E-03
+12.9300E-03,+357.3241E-03,-15.0251E-03
+12.9400E-03,+362.3492E-03,-15.0251E-03
+12.9500E-03,+357.3241E-03,-15.0251E-03
+12.9600E-03,+362.3492E-03,-15.0251E-03
+12.9700E-03,+362.3492E-03,-15.0251E-03
+12.9800E-03,+362.3492E-03,-15.0251E-03
+12.9900E-03,+354.3090E-03,-2.4623E-03
+13.0000E-03,+354.8116E-03,-35.1256E-03
+13.0100E-03,+358.8317E-03,-15.0251E-03
+13.0200E-03,+361.3442E-03,-35.1256E-03
+13.0300E-03,+362.3492E-03,-15.0251E-03
+13.0400E-03,+354.3090E-03,-16.2814E-03
+13.0500E-03,+362.3492E-03,-2.4623E-03
+13.0600E-03,+354.3090E-03,+3.8191E-03
+13.0700E-03,+357.3241E-03,-26.3316E-03
+13.0800E-03,+346.2688E-03,-31.3568E-03
+13.0900E-03,+349.2839E-03,-35.1256E-03
+13.1000E-03,+346.7714E-03,-15.0251E-03
+13.1100E-03,+352.8015E-03,-17.5377E-03
+13.1200E-03,+345.2638E-03,-32.6130E-03
+13.1300E-03,+341.2437E-03,-26.3316E-03
+13.1400E-03,+345.2638E-03,-15.0251E-03
+13.1500E-03,+338.2286E-03,-15.0251E-03
+13.1600E-03,+330.1884E-03,-15.0251E-03
+13.1700E-03,+325.1633E-03,-26.3316E-03
+13.1800E-03,+321.1432E-03,-15.0251E-03
+13.1900E-03,+315.1131E-03,-22.5628E-03
+13.2000E-03,+299.0327E-03,-15.0251E-03
+13.2100E-03,+298.0276E-03,-15.0251E-03
+13.2200E-03,+288.9824E-03,+3.8191E-03
+13.2300E-03,+273.9070E-03,-17.5377E-03
+13.2400E-03,+264.3593E-03,-16.2814E-03
+13.2500E-03,+241.7462E-03,-15.0251E-03
+13.2600E-03,+232.7010E-03,-15.0251E-03
+13.2700E-03,+212.6005E-03,-15.0251E-03
+13.2800E-03,+193.5050E-03,-35.1256E-03
+13.2900E-03,+185.4648E-03,-15.0251E-03
+13.3000E-03,+161.3442E-03,-15.0251E-03
+13.3100E-03,+153.3040E-03,-22.5628E-03
+13.3200E-03,+128.1784E-03,-15.0251E-03
+13.3300E-03,+114.1080E-03,-15.0251E-03
+13.3400E-03,+88.9824E-03,-15.0251E-03
+13.3500E-03,+72.9020E-03,+5.0754E-03
+13.3600E-03,+56.8216E-03,+3.8191E-03
+13.3700E-03,+27.6759E-03,-6.2311E-03
+13.3800E-03,+16.6206E-03,-15.0251E-03
+13.3900E-03,+3.5553E-03,-15.0251E-03
+13.4000E-03,-23.5804E-03,-15.0251E-03
+13.4100E-03,-52.2236E-03,-15.0251E-03
+13.4200E-03,-63.7814E-03,+2.5628E-03
+13.4300E-03,-92.4246E-03,-15.0251E-03
+13.4400E-03,-112.5251E-03,-15.0251E-03
+13.4500E-03,-136.1432E-03,-26.3316E-03
+13.4600E-03,-160.2638E-03,-16.2814E-03
+13.4700E-03,-184.3844E-03,-15.0251E-03
+13.4800E-03,-207.5000E-03,-15.0251E-03
+13.4900E-03,-229.1080E-03,-6.2311E-03
+13.5000E-03,-256.7462E-03,-35.1256E-03
+13.5100E-03,-272.8266E-03,-15.0251E-03
+13.5200E-03,-304.9874E-03,-15.0251E-03
+13.5300E-03,-321.0678E-03,-15.0251E-03
+13.5400E-03,-337.1482E-03,-32.6130E-03
+13.5500E-03,-361.2688E-03,-26.3316E-03
+13.5600E-03,-377.3492E-03,-15.0251E-03
+13.5700E-03,-401.4698E-03,-15.0251E-03
+13.5800E-03,-418.0528E-03,+3.8191E-03
+13.5900E-03,-433.6306E-03,-15.0251E-03
+13.6000E-03,-450.2136E-03,-15.0251E-03
+13.6100E-03,-465.7915E-03,-22.5628E-03
+13.6200E-03,-481.8719E-03,-15.0251E-03
+13.6300E-03,-497.9523E-03,-15.0251E-03
+13.6400E-03,-506.4950E-03,-15.0251E-03
+13.6500E-03,-518.5553E-03,-15.0251E-03
+13.6600E-03,-522.0729E-03,-15.0251E-03
+13.6700E-03,-541.1683E-03,-6.2311E-03
+13.6800E-03,-546.1935E-03,-15.0251E-03
+13.6900E-03,-554.2337E-03,-15.0251E-03
+13.7000E-03,-554.2337E-03,+3.8191E-03
+13.7100E-03,-554.2337E-03,-15.0251E-03
+13.7200E-03,-561.2688E-03,-16.2814E-03
+13.7300E-03,-570.3141E-03,-26.3316E-03
+13.7400E-03,-562.2739E-03,-15.0251E-03
+13.7500E-03,-562.2739E-03,-15.0251E-03
+13.7600E-03,-561.2688E-03,-12.5125E-03
+13.7700E-03,-554.2337E-03,-15.0251E-03
+13.7800E-03,-546.1935E-03,-15.0251E-03
+13.7900E-03,-542.6759E-03,-15.0251E-03
+13.8000E-03,-530.6156E-03,-12.5125E-03
+13.8100E-03,-522.0729E-03,-15.0251E-03
+13.8200E-03,-521.0678E-03,-15.0251E-03
+13.8300E-03,-497.9523E-03,-15.0251E-03
+13.8400E-03,-488.9070E-03,-15.0251E-03
+13.8500E-03,-470.3141E-03,-26.3316E-03
+13.8600E-03,-449.7111E-03,-15.0251E-03
+13.8700E-03,-433.6306E-03,-22.5628E-03
+13.8800E-03,-417.5502E-03,-15.0251E-03
+13.8900E-03,-396.4447E-03,-22.5628E-03
+13.9000E-03,-377.3492E-03,-15.0251E-03
+13.9100E-03,-353.2286E-03,-15.0251E-03
+13.9200E-03,-337.1482E-03,-15.0251E-03
+13.9300E-03,-311.5201E-03,-15.0251E-03
+13.9400E-03,-281.3693E-03,-12.5125E-03
+13.9500E-03,-259.7613E-03,-15.0251E-03
+13.9600E-03,-232.6256E-03,-15.0251E-03
+13.9700E-03,-195.4397E-03,-22.5628E-03
+13.9800E-03,-184.3844E-03,-15.0251E-03
+13.9900E-03,-152.2236E-03,-2.4623E-03
+14.0000E-03,-120.0628E-03,-15.0251E-03
+14.0100E-03,-94.4347E-03,-22.5628E-03
+14.0200E-03,-63.7814E-03,-15.0251E-03
+14.0300E-03,-39.6608E-03,-15.0251E-03
+14.0400E-03,-15.5402E-03,+3.8191E-03
+14.0500E-03,+11.5955E-03,-22.5628E-03
+14.0600E-03,+33.2035E-03,-15.0251E-03
+14.0700E-03,+57.8266E-03,-22.5628E-03
+14.0800E-03,+80.9422E-03,-15.0251E-03
+14.0900E-03,+109.5854E-03,-15.0251E-03
+14.1000E-03,+137.7261E-03,-15.0251E-03
+14.1100E-03,+149.7864E-03,-15.0251E-03
+14.1200E-03,+177.9271E-03,-16.2814E-03
+14.1300E-03,+201.5452E-03,-6.2311E-03
+14.1400E-03,+218.1281E-03,-15.0251E-03
+14.1500E-03,+241.7462E-03,-15.0251E-03
+14.1600E-03,+258.3291E-03,+3.8191E-03
+14.1700E-03,+274.9121E-03,-15.0251E-03
+14.1800E-03,+298.0276E-03,-16.2814E-03
+14.1900E-03,+314.1080E-03,-15.0251E-03
+14.2000E-03,+330.1884E-03,-32.6130E-03
+14.2100E-03,+330.1884E-03,-15.0251E-03
+14.2200E-03,+330.1884E-03,-15.0251E-03
+14.2300E-03,+342.7513E-03,-15.0251E-03
+14.2400E-03,+338.7312E-03,-16.2814E-03
+14.2500E-03,+346.2688E-03,-15.0251E-03
+14.2600E-03,+353.3040E-03,+2.5628E-03
+14.2700E-03,+354.3090E-03,-6.2311E-03
+14.2800E-03,+353.3040E-03,-16.2814E-03
+14.2900E-03,+362.3492E-03,-15.0251E-03
+14.3000E-03,+354.3090E-03,-15.0251E-03
+14.3100E-03,+357.3241E-03,-6.2311E-03
+14.3200E-03,+362.3492E-03,-12.5125E-03
+14.3300E-03,+358.8317E-03,-17.5377E-03
+14.3400E-03,+362.3492E-03,+3.8191E-03
+14.3500E-03,+362.3492E-03,-17.5377E-03
+14.3600E-03,+354.3090E-03,-15.0251E-03
+14.3700E-03,+362.3492E-03,-15.0251E-03
+14.3800E-03,+354.8116E-03,-32.6130E-03
+14.3900E-03,+362.3492E-03,-6.2311E-03
+14.4000E-03,+354.3090E-03,-16.2814E-03
+14.4100E-03,+362.3492E-03,-15.0251E-03
+14.4200E-03,+354.3090E-03,+2.5628E-03
+14.4300E-03,+357.3241E-03,-15.0251E-03
+14.4400E-03,+361.3442E-03,-15.0251E-03
+14.4500E-03,+362.3492E-03,-15.0251E-03
+14.4600E-03,+353.3040E-03,-15.0251E-03
+14.4700E-03,+362.3492E-03,-2.4623E-03
+14.4800E-03,+353.3040E-03,-15.0251E-03
+14.4900E-03,+349.2839E-03,-26.3316E-03
+14.5000E-03,+354.8116E-03,-32.6130E-03
+14.5100E-03,+344.7613E-03,-22.5628E-03
+14.5200E-03,+338.7312E-03,-32.6130E-03
+14.5300E-03,+350.7915E-03,-22.5628E-03
+14.5400E-03,+345.2638E-03,-15.0251E-03
+14.5500E-03,+338.2286E-03,-22.5628E-03
+14.5600E-03,+330.6910E-03,-12.5125E-03
+14.5700E-03,+333.2035E-03,-15.0251E-03
+14.5800E-03,+329.1834E-03,-15.0251E-03
+14.5900E-03,+317.1231E-03,-2.4623E-03
+14.6000E-03,+313.1030E-03,-15.0251E-03
+14.6100E-03,+298.0276E-03,-2.4623E-03
+14.6200E-03,+289.9874E-03,-15.0251E-03
+14.6300E-03,+273.9070E-03,-26.3316E-03
+14.6400E-03,+265.8668E-03,-15.0251E-03
+14.6500E-03,+249.7864E-03,-15.0251E-03
+14.6600E-03,+233.7060E-03,-15.0251E-03
+14.6700E-03,+214.1080E-03,-26.3316E-03
+14.6800E-03,+200.5402E-03,-15.0251E-03
+14.6900E-03,+180.4397E-03,-2.4623E-03
+14.7000E-03,+168.3794E-03,-15.0251E-03
+14.7100E-03,+153.3040E-03,-26.3316E-03
+14.7200E-03,+137.2236E-03,-15.0251E-03
+14.7300E-03,+113.1030E-03,-35.1256E-03
+14.7400E-03,+97.0226E-03,-16.2814E-03
+14.7500E-03,+80.9422E-03,-15.0251E-03
+14.7600E-03,+55.8166E-03,-32.6130E-03
+14.7700E-03,+40.7412E-03,-26.3316E-03
+14.7800E-03,+17.1231E-03,-15.0251E-03
+14.7900E-03,+540.2E-06,-2.4623E-03
+14.8000E-03,-23.5804E-03,-32.6130E-03
+14.8100E-03,-40.6658E-03,-6.2311E-03
+14.8200E-03,-63.7814E-03,-15.0251E-03
+14.8300E-03,-87.9020E-03,-22.5628E-03
+14.8400E-03,-104.4849E-03,-15.0251E-03
+14.8500E-03,-131.1181E-03,-26.3316E-03
+14.8600E-03,-152.2236E-03,-15.0251E-03
+14.8700E-03,-184.3844E-03,-35.1256E-03
+14.8800E-03,-200.4648E-03,-12.5125E-03
+14.8900E-03,-221.0678E-03,-15.0251E-03
+14.9000E-03,-241.1683E-03,-32.6130E-03
+14.9100E-03,-269.3090E-03,-15.0251E-03
+14.9200E-03,-289.4095E-03,-15.0251E-03
+14.9300E-03,-316.0427E-03,-15.0251E-03
+14.9400E-03,-337.1482E-03,+3.8191E-03
+14.9500E-03,-353.2286E-03,-15.0251E-03
+14.9600E-03,-377.3492E-03,-15.0251E-03
+14.9700E-03,-397.9523E-03,-15.0251E-03
+14.9800E-03,-417.5502E-03,-15.0251E-03
+14.9900E-03,-433.6306E-03,-2.4623E-03
+15.0000E-03,-442.1734E-03,-31.3568E-03
+15.0100E-03,-465.7915E-03,-35.1256E-03
+15.0200E-03,-481.8719E-03,-15.0251E-03
+15.0300E-03,-492.9271E-03,-15.0251E-03
+15.0400E-03,-505.9925E-03,-15.0251E-03
+15.0500E-03,-518.5553E-03,-15.0251E-03
+15.0600E-03,-522.5754E-03,-12.5125E-03
+15.0700E-03,-538.1533E-03,-15.0251E-03
+15.0800E-03,-546.1935E-03,+3.8191E-03
+15.0900E-03,-546.1935E-03,-26.3316E-03
+15.1000E-03,-554.2337E-03,-15.0251E-03
+15.1100E-03,-566.7965E-03,-15.0251E-03
+15.1200E-03,-562.2739E-03,-15.0251E-03
+15.1300E-03,-557.2487E-03,-15.0251E-03
+15.1400E-03,-569.3090E-03,-15.0251E-03
+15.1500E-03,-558.7563E-03,-2.4623E-03
+15.1600E-03,-562.7764E-03,-15.0251E-03
+15.1700E-03,-550.7161E-03,-15.0251E-03
+15.1800E-03,-553.2286E-03,-12.5125E-03
+15.1900E-03,-546.1935E-03,-15.0251E-03
+15.2000E-03,-530.6156E-03,-15.0251E-03
+15.2100E-03,-530.1131E-03,-15.0251E-03
+15.2200E-03,-514.0327E-03,-15.0251E-03
+15.2300E-03,-505.9925E-03,-22.5628E-03
+15.2400E-03,-482.3744E-03,-15.0251E-03
+15.2500E-03,-473.8317E-03,-6.2311E-03
+15.2600E-03,-464.7864E-03,-35.1256E-03
+15.2700E-03,-438.1533E-03,-22.5628E-03
+15.2800E-03,-418.0528E-03,-15.0251E-03
+15.2900E-03,-404.4849E-03,-15.0251E-03
+15.3000E-03,-385.3894E-03,-15.0251E-03
+15.3100E-03,-364.2839E-03,+5.0754E-03
+15.3200E-03,-344.1834E-03,-15.0251E-03
+15.3300E-03,-316.0427E-03,-15.0251E-03
+15.3400E-03,-295.9422E-03,-15.0251E-03
+15.3500E-03,-259.7613E-03,-15.0251E-03
+15.3600E-03,-240.6658E-03,-16.2814E-03
+15.3700E-03,-216.5452E-03,-15.0251E-03
+15.3800E-03,-184.3844E-03,-15.0251E-03
+15.3900E-03,-155.2387E-03,-15.0251E-03
+15.4000E-03,-143.1784E-03,-15.0251E-03
+15.4100E-03,-98.9573E-03,-26.3316E-03
+15.4200E-03,-78.8568E-03,-15.0251E-03
+15.4300E-03,-47.7010E-03,-6.2311E-03
+15.4400E-03,-16.0427E-03,-15.0251E-03
+15.4500E-03,+540.2E-06,-26.3316E-03
+15.4600E-03,+25.1633E-03,-16.2814E-03
+15.4700E-03,+56.8216E-03,-22.5628E-03
+15.4800E-03,+73.4045E-03,-15.0251E-03
+15.4900E-03,+100.0377E-03,-17.5377E-03
+15.5000E-03,+121.6457E-03,-15.0251E-03
+15.5100E-03,+149.7864E-03,-15.0251E-03
+15.5200E-03,+169.8869E-03,-15.0251E-03
+15.5300E-03,+198.0276E-03,-15.0251E-03
+15.5400E-03,+217.6256E-03,+3.8191E-03
+15.5500E-03,+241.7462E-03,-26.3316E-03
+15.5600E-03,+265.8668E-03,-16.2814E-03
+15.5700E-03,+281.9472E-03,-15.0251E-03
+15.5800E-03,+298.0276E-03,-15.0251E-03
+15.5900E-03,+309.0829E-03,-26.3316E-03
+15.6000E-03,+314.6105E-03,-15.0251E-03
+15.6100E-03,+322.1482E-03,-15.0251E-03
+15.6200E-03,+345.2638E-03,-15.0251E-03
+15.6300E-03,+341.2437E-03,-22.5628E-03
+15.6400E-03,+338.7312E-03,-15.0251E-03
+15.6500E-03,+342.7513E-03,-15.0251E-03
+15.6600E-03,+338.7312E-03,-16.2814E-03
+15.6700E-03,+354.3090E-03,-26.3316E-03
+15.6800E-03,+361.3442E-03,-16.2814E-03
+15.6900E-03,+350.7915E-03,-15.0251E-03
+15.7000E-03,+353.3040E-03,-15.0251E-03
+15.7100E-03,+358.8317E-03,-15.0251E-03
+15.7200E-03,+354.8116E-03,-15.0251E-03
+15.7300E-03,+362.3492E-03,-26.3316E-03
+15.7400E-03,+361.3442E-03,-32.6130E-03
+15.7500E-03,+354.3090E-03,-26.3316E-03
+15.7600E-03,+362.3492E-03,-32.6130E-03
+15.7700E-03,+362.3492E-03,-22.5628E-03
+15.7800E-03,+361.3442E-03,+3.8191E-03
+15.7900E-03,+357.3241E-03,-15.0251E-03
+15.8000E-03,+362.3492E-03,-16.2814E-03
+15.8100E-03,+362.3492E-03,-15.0251E-03
+15.8200E-03,+354.8116E-03,-31.3568E-03
+15.8300E-03,+362.3492E-03,-26.3316E-03
+15.8400E-03,+361.3442E-03,-15.0251E-03
+15.8500E-03,+357.3241E-03,-35.1256E-03
+15.8600E-03,+346.7714E-03,-15.0251E-03
+15.8700E-03,+357.3241E-03,-2.4623E-03
+15.8800E-03,+362.3492E-03,-32.6130E-03
+15.8900E-03,+358.8317E-03,-26.3316E-03
+15.9000E-03,+354.3090E-03,-16.2814E-03
+15.9100E-03,+349.2839E-03,-15.0251E-03
+15.9200E-03,+352.8015E-03,-15.0251E-03
+15.9300E-03,+341.2437E-03,-15.0251E-03
+15.9400E-03,+338.7312E-03,-15.0251E-03
+15.9500E-03,+341.2437E-03,-15.0251E-03
+15.9600E-03,+338.2286E-03,-16.2814E-03
+15.9700E-03,+326.6709E-03,-26.3316E-03
+15.9800E-03,+330.1884E-03,-15.0251E-03
+15.9900E-03,+322.1482E-03,-22.5628E-03
+16.0000E-03,+314.1080E-03,-15.0251E-03
+16.0100E-03,+306.0678E-03,-17.5377E-03
+16.0200E-03,+298.0276E-03,+3.8191E-03
+16.0300E-03,+276.9221E-03,-15.0251E-03
+16.0400E-03,+272.9020E-03,-15.0251E-03
+16.0500E-03,+244.7613E-03,-26.3316E-03
+16.0600E-03,+248.2789E-03,-32.6130E-03
+16.0700E-03,+222.1482E-03,-26.3316E-03
+16.0800E-03,+209.5854E-03,-15.0251E-03
+16.0900E-03,+188.4799E-03,-15.0251E-03
+16.1000E-03,+176.4196E-03,-15.0251E-03
+16.1100E-03,+157.8266E-03,-22.5628E-03
+16.1200E-03,+137.2236E-03,-15.0251E-03
+16.1300E-03,+121.1432E-03,-15.0251E-03
+16.1400E-03,+105.0628E-03,-15.0251E-03
+16.1500E-03,+88.9824E-03,-15.0251E-03
+16.1600E-03,+63.8568E-03,-15.0251E-03
+16.1700E-03,+48.7814E-03,-15.0251E-03
+16.1800E-03,+31.6960E-03,+3.8191E-03
+16.1900E-03,+13.1030E-03,-15.0251E-03
+16.2000E-03,-15.5402E-03,-15.0251E-03
+16.2100E-03,-28.1030E-03,-6.2311E-03
+16.2200E-03,-55.7412E-03,-15.0251E-03
+16.2300E-03,-79.8618E-03,-17.5377E-03
+16.2400E-03,-96.4447E-03,-15.0251E-03
+16.2500E-03,-124.5854E-03,-26.3316E-03
+16.2600E-03,-144.1834E-03,-15.0251E-03
+16.2700E-03,-168.3040E-03,-15.0251E-03
+16.2800E-03,-192.4246E-03,-15.0251E-03
+16.2900E-03,-216.5452E-03,-15.0251E-03
+16.3000E-03,-241.1683E-03,-15.0251E-03
+16.3100E-03,-259.7613E-03,-22.5628E-03
+16.3200E-03,-287.9020E-03,-15.0251E-03
+16.3300E-03,-304.9874E-03,-15.0251E-03
+16.3400E-03,-321.5703E-03,-32.6130E-03
+16.3500E-03,-348.2035E-03,-15.0251E-03
+16.3600E-03,-369.3090E-03,-15.0251E-03
+16.3700E-03,-389.9121E-03,-15.0251E-03
+16.3800E-03,-409.5100E-03,-12.5125E-03
+16.3900E-03,-430.1131E-03,-6.2311E-03
+16.4000E-03,-441.6708E-03,-15.0251E-03
+16.4100E-03,-457.7513E-03,-46.4321E-03
+16.4200E-03,-473.8317E-03,-32.6130E-03
+16.4300E-03,-484.8869E-03,-15.0251E-03
+16.4400E-03,-497.9523E-03,+2.5628E-03
+16.4500E-03,-514.0327E-03,-6.2311E-03
+16.4600E-03,-522.0729E-03,-16.2814E-03
+16.4700E-03,-530.1131E-03,-2.4623E-03
+16.4800E-03,-538.1533E-03,-15.0251E-03
+16.4900E-03,-546.1935E-03,-15.0251E-03
+16.5000E-03,-554.2337E-03,-15.0251E-03
+16.5100E-03,-558.7563E-03,-35.1256E-03
+16.5200E-03,-562.7764E-03,-15.0251E-03
+16.5300E-03,-566.7965E-03,-15.0251E-03
+16.5400E-03,-562.7764E-03,+3.8191E-03
+16.5500E-03,-566.7965E-03,-15.0251E-03
+16.5600E-03,-562.2739E-03,-16.2814E-03
+16.5700E-03,-558.7563E-03,-2.4623E-03
+16.5800E-03,-546.6960E-03,-12.5125E-03
+16.5900E-03,-541.1683E-03,-15.0251E-03
+16.6000E-03,-538.1533E-03,-15.0251E-03
+16.6100E-03,-530.1131E-03,-15.0251E-03
+16.6200E-03,-521.0678E-03,-36.3819E-03
+16.6300E-03,-509.0075E-03,-6.2311E-03
+16.6400E-03,-496.9472E-03,-35.1256E-03
+16.6500E-03,-481.8719E-03,-15.0251E-03
+16.6600E-03,-458.2538E-03,-16.2814E-03
+16.6700E-03,-441.6708E-03,-15.0251E-03
+16.6800E-03,-433.6306E-03,-16.2814E-03
+16.6900E-03,-417.5502E-03,-15.0251E-03
+16.7000E-03,-385.3894E-03,-12.5125E-03
+16.7100E-03,-364.2839E-03,-15.0251E-03
+16.7200E-03,-345.1884E-03,+3.8191E-03
+16.7300E-03,-324.0829E-03,-22.5628E-03
+16.7400E-03,-295.9422E-03,-15.0251E-03
+16.7500E-03,-275.8417E-03,-26.3316E-03
+16.7600E-03,-255.7412E-03,-32.6130E-03
+16.7700E-03,-224.5854E-03,-15.0251E-03
+16.7800E-03,-200.4648E-03,-15.0251E-03
+16.7900E-03,-168.3040E-03,-35.1256E-03
+16.8000E-03,-143.1784E-03,-15.0251E-03
+16.8100E-03,-106.9975E-03,-15.0251E-03
+16.8200E-03,-87.9020E-03,-35.1256E-03
+16.8300E-03,-50.7161E-03,-22.5628E-03
+16.8400E-03,-24.0829E-03,-16.2814E-03
+16.8500E-03,-2.9774E-03,-6.2311E-03
+16.8600E-03,+25.1633E-03,-16.2814E-03
+16.8700E-03,+48.7814E-03,-15.0251E-03
+16.8800E-03,+65.3643E-03,-35.1256E-03
+16.8900E-03,+97.0226E-03,-26.3316E-03
+16.9000E-03,+121.1432E-03,-15.0251E-03
+16.9100E-03,+140.2387E-03,-6.2311E-03
+16.9200E-03,+162.3492E-03,+3.8191E-03
+16.9300E-03,+185.4648E-03,-22.5628E-03
+16.9400E-03,+209.5854E-03,-15.0251E-03
+16.9500E-03,+230.1884E-03,-11.2563E-03
+16.9600E-03,+256.8216E-03,-15.0251E-03
+16.9700E-03,+274.9121E-03,-15.0251E-03
+16.9800E-03,+289.9874E-03,-15.0251E-03
+16.9900E-03,+306.0678E-03,-15.0251E-03
+17.0000E-03,+314.1080E-03,+5.0754E-03
+17.0100E-03,+322.1482E-03,-22.5628E-03
+17.0200E-03,+330.6910E-03,-32.6130E-03
+17.0300E-03,+338.2286E-03,-15.0251E-03
+17.0400E-03,+345.2638E-03,-15.0251E-03
+17.0500E-03,+347.2739E-03,-22.5628E-03
+17.0600E-03,+353.3040E-03,-15.0251E-03
+17.0700E-03,+354.3090E-03,-15.0251E-03
+17.0800E-03,+354.8116E-03,+5.0754E-03
+17.0900E-03,+357.3241E-03,-15.0251E-03
+17.1000E-03,+354.3090E-03,-16.2814E-03
+17.1100E-03,+358.8317E-03,-15.0251E-03
+17.1200E-03,+354.3090E-03,-16.2814E-03
+17.1300E-03,+358.8317E-03,-2.4623E-03
+17.1400E-03,+362.3492E-03,-15.0251E-03
+17.1500E-03,+358.8317E-03,-22.5628E-03
+17.1600E-03,+362.3492E-03,-15.0251E-03
+17.1700E-03,+362.3492E-03,-15.0251E-03
+17.1800E-03,+362.3492E-03,-15.0251E-03
+17.1900E-03,+354.3090E-03,-22.5628E-03
+17.2000E-03,+362.3492E-03,-16.2814E-03
+17.2100E-03,+362.3492E-03,-15.0251E-03
+17.2200E-03,+362.3492E-03,-15.0251E-03
+17.2300E-03,+358.8317E-03,-15.0251E-03
+17.2400E-03,+354.3090E-03,-15.0251E-03
+17.2500E-03,+354.3090E-03,-35.1256E-03
+17.2600E-03,+354.3090E-03,-15.0251E-03
+17.2700E-03,+354.3090E-03,-15.0251E-03
+17.2800E-03,+360.8417E-03,+3.8191E-03
+17.2900E-03,+354.3090E-03,-15.0251E-03
+17.3000E-03,+346.7714E-03,-15.0251E-03
+17.3100E-03,+344.7613E-03,-26.3316E-03
+17.3200E-03,+353.3040E-03,-15.0251E-03
+17.3300E-03,+350.7915E-03,-22.5628E-03
+17.3400E-03,+346.2688E-03,-15.0251E-03
+17.3500E-03,+342.7513E-03,-26.3316E-03
+17.3600E-03,+346.2688E-03,-16.2814E-03
+17.3700E-03,+338.2286E-03,-15.0251E-03
+17.3800E-03,+329.1834E-03,-32.6130E-03
+17.3900E-03,+322.1482E-03,-15.0251E-03
+17.4000E-03,+314.6105E-03,-15.0251E-03
+17.4100E-03,+306.0678E-03,-15.0251E-03
+17.4200E-03,+305.0628E-03,-16.2814E-03
+17.4300E-03,+288.4799E-03,-15.0251E-03
+17.4400E-03,+273.9070E-03,-15.0251E-03
+17.4500E-03,+257.8266E-03,-26.3316E-03
+17.4600E-03,+248.7814E-03,-16.2814E-03
+17.4700E-03,+220.6407E-03,-15.0251E-03
+17.4800E-03,+217.6256E-03,+3.8191E-03
+17.4900E-03,+196.5201E-03,-15.0251E-03
+17.5000E-03,+184.4598E-03,-16.2814E-03
+17.5100E-03,+164.3593E-03,-2.4623E-03
+17.5200E-03,+137.7261E-03,+3.8191E-03
+17.5300E-03,+124.1583E-03,-15.0251E-03
+17.5400E-03,+113.1030E-03,-15.0251E-03
+17.5500E-03,+97.0226E-03,-26.3316E-03
+17.5600E-03,+79.9372E-03,-15.0251E-03
+17.5700E-03,+51.7965E-03,-15.0251E-03
+17.5800E-03,+32.7010E-03,-15.0251E-03
+17.5900E-03,+16.6206E-03,-15.0251E-03
+17.6000E-03,-464.8E-06,+3.8191E-03
+17.6100E-03,-20.0628E-03,-15.0251E-03
+17.6200E-03,-46.6960E-03,-15.0251E-03
+17.6300E-03,-71.8216E-03,-26.3316E-03
+17.6400E-03,-87.9020E-03,-16.2814E-03
+17.6500E-03,-112.0226E-03,-15.0251E-03
+17.6600E-03,-136.1432E-03,-12.5125E-03
+17.6700E-03,-156.7462E-03,-15.0251E-03
+17.6800E-03,-184.3844E-03,-15.0251E-03
+17.6900E-03,-206.9975E-03,-15.0251E-03
+17.7000E-03,-225.0879E-03,-16.2814E-03
+17.7100E-03,-256.7462E-03,-15.0251E-03
+17.7200E-03,-280.8668E-03,-15.0251E-03
+17.7300E-03,-301.4698E-03,-15.0251E-03
+17.7400E-03,-321.0678E-03,-12.5125E-03
+17.7500E-03,-345.1884E-03,-22.5628E-03
+17.7600E-03,-361.7714E-03,-16.2814E-03
+17.7700E-03,-385.3894E-03,-22.5628E-03
+17.7800E-03,-393.9322E-03,-15.0251E-03
+17.7900E-03,-425.5904E-03,-22.5628E-03
+17.8000E-03,-434.1332E-03,-15.0251E-03
+17.8100E-03,-452.7261E-03,-2.4623E-03
+17.8200E-03,-466.2940E-03,-15.0251E-03
+17.8300E-03,-484.8869E-03,-15.0251E-03
+17.8400E-03,-497.9523E-03,-15.0251E-03
+17.8500E-03,-514.0327E-03,-15.0251E-03
+17.8600E-03,-521.0678E-03,-15.0251E-03
+17.8700E-03,-525.0879E-03,-6.2311E-03
+17.8800E-03,-538.1533E-03,-15.0251E-03
+17.8900E-03,-542.6759E-03,-15.0251E-03
+17.9000E-03,-546.1935E-03,-16.2814E-03
+17.9100E-03,-558.7563E-03,-15.0251E-03
+17.9200E-03,-562.7764E-03,-15.0251E-03
+17.9300E-03,-562.2739E-03,-15.0251E-03
+17.9400E-03,-569.3090E-03,-15.0251E-03
+17.9500E-03,-570.3141E-03,-26.3316E-03
+17.9600E-03,-569.3090E-03,-32.6130E-03
+17.9700E-03,-562.2739E-03,-2.4623E-03
+17.9800E-03,-562.2739E-03,-15.0251E-03
+17.9900E-03,-546.1935E-03,-15.0251E-03
+18.0000E-03,-537.1482E-03,-16.2814E-03
+18.0100E-03,-530.1131E-03,-15.0251E-03
+18.0200E-03,-522.0729E-03,-15.0251E-03
+18.0300E-03,-514.0327E-03,-15.0251E-03
+18.0400E-03,-497.9523E-03,-15.0251E-03
+18.0500E-03,-486.3945E-03,-15.0251E-03
+18.0600E-03,-473.8317E-03,-35.1256E-03
+18.0700E-03,-449.7111E-03,-26.3316E-03
+18.0800E-03,-440.6658E-03,-12.5125E-03
+18.0900E-03,-417.5502E-03,-15.0251E-03
+18.1000E-03,-393.9322E-03,-16.2814E-03
+18.1100E-03,-377.3492E-03,-15.0251E-03
+18.1200E-03,-361.2688E-03,-32.6130E-03
+18.1300E-03,-332.1231E-03,-26.3316E-03
+18.1400E-03,-304.9874E-03,-15.0251E-03
+18.1500E-03,-283.8819E-03,-15.0251E-03
+18.1600E-03,-257.2487E-03,-15.0251E-03
+18.1700E-03,-232.6256E-03,-15.0251E-03
+18.1800E-03,-207.5000E-03,-32.6130E-03
+18.1900E-03,-179.3593E-03,-22.5628E-03
+18.2000E-03,-158.7563E-03,-15.0251E-03
+18.2100E-03,-123.0779E-03,-15.0251E-03
+18.2200E-03,-102.9774E-03,-16.2814E-03
+18.2300E-03,-66.7965E-03,-15.0251E-03
+18.2400E-03,-39.6608E-03,-15.0251E-03
+18.2500E-03,-18.5553E-03,-15.0251E-03
+18.2600E-03,+15.6156E-03,-16.2814E-03
+18.2700E-03,+40.7412E-03,-6.2311E-03
+18.2800E-03,+63.8568E-03,-16.2814E-03
+18.2900E-03,+83.9573E-03,-15.0251E-03
+18.3000E-03,+113.1030E-03,-15.0251E-03
+18.3100E-03,+133.7060E-03,-2.4623E-03
+18.3200E-03,+153.3040E-03,-31.3568E-03
+18.3300E-03,+177.4246E-03,-15.0251E-03
+18.3400E-03,+200.5402E-03,-32.6130E-03
+18.3500E-03,+220.6407E-03,-15.0251E-03
+18.3600E-03,+242.2487E-03,-32.6130E-03
+18.3700E-03,+265.8668E-03,-15.0251E-03
+18.3800E-03,+281.9472E-03,-12.5125E-03
+18.3900E-03,+294.5100E-03,-26.3316E-03
+18.4000E-03,+314.1080E-03,-12.5125E-03
+18.4100E-03,+322.1482E-03,-15.0251E-03
+18.4200E-03,+338.2286E-03,-12.5125E-03
+18.4300E-03,+338.2286E-03,-15.0251E-03
+18.4400E-03,+338.7312E-03,-15.0251E-03
+18.4500E-03,+341.2437E-03,-2.4623E-03
+18.4600E-03,+338.7312E-03,-32.6130E-03
+18.4700E-03,+354.3090E-03,-15.0251E-03
+18.4800E-03,+354.3090E-03,-15.0251E-03
+18.4900E-03,+346.2688E-03,-15.0251E-03
+18.5000E-03,+354.3090E-03,-15.0251E-03
+18.5100E-03,+354.3090E-03,-15.0251E-03
+18.5200E-03,+362.3492E-03,-15.0251E-03
+18.5300E-03,+352.8015E-03,-15.0251E-03
+18.5400E-03,+362.3492E-03,-15.0251E-03
+18.5500E-03,+362.3492E-03,-15.0251E-03
+18.5600E-03,+354.8116E-03,-12.5125E-03
+18.5700E-03,+358.8317E-03,-6.2311E-03
+18.5800E-03,+361.3442E-03,-16.2814E-03
+18.5900E-03,+357.3241E-03,-15.0251E-03
+18.6000E-03,+354.8116E-03,-15.0251E-03
+18.6100E-03,+362.3492E-03,-15.0251E-03
+18.6200E-03,+354.3090E-03,-16.2814E-03
+18.6300E-03,+357.3241E-03,-15.0251E-03
+18.6400E-03,+354.3090E-03,-15.0251E-03
+18.6500E-03,+354.3090E-03,-15.0251E-03
+18.6600E-03,+362.3492E-03,-15.0251E-03
+18.6700E-03,+357.3241E-03,-26.3316E-03
+18.6800E-03,+354.8116E-03,-32.6130E-03
+18.6900E-03,+354.3090E-03,-15.0251E-03
+18.7000E-03,+354.3090E-03,+2.5628E-03
+18.7100E-03,+354.3090E-03,-15.0251E-03
+18.7200E-03,+353.3040E-03,-15.0251E-03
+18.7300E-03,+354.3090E-03,-15.0251E-03
+18.7400E-03,+354.3090E-03,-16.2814E-03
+18.7500E-03,+341.2437E-03,-15.0251E-03
+18.7600E-03,+345.2638E-03,-15.0251E-03
+18.7700E-03,+334.7111E-03,-15.0251E-03
+18.7800E-03,+330.6910E-03,-15.0251E-03
+18.7900E-03,+322.1482E-03,-15.0251E-03
+18.8000E-03,+322.1482E-03,-15.0251E-03
+18.8100E-03,+310.5904E-03,-22.5628E-03
+18.8200E-03,+298.0276E-03,-32.6130E-03
+18.8300E-03,+289.9874E-03,-15.0251E-03
+18.8400E-03,+280.9422E-03,-12.5125E-03
+18.8500E-03,+265.8668E-03,-15.0251E-03
+18.8600E-03,+241.7462E-03,-35.1256E-03
+18.8700E-03,+228.6809E-03,-22.5628E-03
+18.8800E-03,+217.6256E-03,-15.0251E-03
+18.8900E-03,+196.5201E-03,-15.0251E-03
+18.9000E-03,+191.4950E-03,-16.2814E-03
+18.9100E-03,+164.3593E-03,-6.2311E-03
+18.9200E-03,+153.3040E-03,-15.0251E-03
+18.9300E-03,+137.2236E-03,-6.2311E-03
+18.9400E-03,+112.0980E-03,-15.0251E-03
+18.9500E-03,+100.0377E-03,-15.0251E-03
+18.9600E-03,+80.9422E-03,+3.8191E-03
+18.9700E-03,+64.8618E-03,-15.0251E-03
+18.9800E-03,+47.7764E-03,-32.6130E-03
+18.9900E-03,+24.6608E-03,-15.0251E-03
+19.0000E-03,+540.2E-06,-16.2814E-03
+19.0100E-03,-20.0628E-03,-15.0251E-03
+19.0200E-03,-32.6256E-03,-15.0251E-03
+19.0300E-03,-60.2638E-03,-26.3316E-03
+19.0400E-03,-79.8618E-03,-15.0251E-03
+19.0500E-03,-112.0226E-03,-15.0251E-03
+19.0600E-03,-135.1382E-03,-15.0251E-03
+19.0700E-03,-152.2236E-03,-26.3316E-03
+19.0800E-03,-168.8065E-03,-15.0251E-03
+19.0900E-03,-198.9573E-03,-15.0251E-03
+19.1000E-03,-225.0879E-03,-15.0251E-03
+19.1100E-03,-245.1884E-03,-26.3316E-03
+19.1200E-03,-264.7864E-03,-32.6130E-03
+19.1300E-03,-288.9070E-03,-15.0251E-03
+19.1400E-03,-313.0276E-03,-16.2814E-03
+19.1500E-03,-333.6306E-03,-15.0251E-03
+19.1600E-03,-360.2638E-03,-16.2814E-03
+19.1700E-03,-373.8317E-03,-15.0251E-03
+19.1800E-03,-393.4296E-03,-16.2814E-03
+19.1900E-03,-409.5100E-03,-15.0251E-03
+19.2000E-03,-426.0930E-03,-15.0251E-03
+19.2100E-03,-446.1935E-03,-15.0251E-03
+19.2200E-03,-464.7864E-03,-12.5125E-03
+19.2300E-03,-473.8317E-03,-22.5628E-03
+19.2400E-03,-490.4146E-03,-16.2814E-03
+19.2500E-03,-510.5151E-03,-6.2311E-03
+19.2600E-03,-514.0327E-03,-15.0251E-03
+19.2700E-03,-525.0879E-03,-26.3316E-03
+19.2800E-03,-530.6156E-03,+5.0754E-03
+19.2900E-03,-550.7161E-03,-22.5628E-03
+19.3000E-03,-554.7362E-03,-15.0251E-03
+19.3100E-03,-557.2487E-03,-15.0251E-03
+19.3200E-03,-562.2739E-03,+3.8191E-03
+19.3300E-03,-562.2739E-03,-15.0251E-03
+19.3400E-03,-562.2739E-03,-15.0251E-03
+19.3500E-03,-562.2739E-03,-15.0251E-03
+19.3600E-03,-569.3090E-03,-16.2814E-03
+19.3700E-03,-558.7563E-03,-22.5628E-03
+19.3800E-03,-562.2739E-03,-15.0251E-03
+19.3900E-03,-554.2337E-03,-15.0251E-03
+19.4000E-03,-546.1935E-03,-16.2814E-03
+19.4100E-03,-539.1583E-03,-15.0251E-03
+19.4200E-03,-522.5754E-03,+2.5628E-03
+19.4300E-03,-518.5553E-03,-15.0251E-03
+19.4400E-03,-497.9523E-03,-15.0251E-03
+19.4500E-03,-488.4045E-03,-15.0251E-03
+19.4600E-03,-480.3643E-03,-32.6130E-03
+19.4700E-03,-465.7915E-03,-26.3316E-03
+19.4800E-03,-448.2035E-03,-16.2814E-03
+19.4900E-03,-425.5904E-03,-15.0251E-03
+19.5000E-03,-401.4698E-03,-12.5125E-03
+19.5100E-03,-385.3894E-03,-6.2311E-03
+19.5200E-03,-361.7714E-03,-16.2814E-03
+19.5300E-03,-340.1633E-03,-15.0251E-03
+19.5400E-03,-327.6005E-03,-15.0251E-03
+19.5500E-03,-288.9070E-03,-2.4623E-03
+19.5600E-03,-264.7864E-03,-12.5125E-03
+19.5700E-03,-243.6809E-03,-15.0251E-03
+19.5800E-03,-215.5402E-03,+5.0754E-03
+19.5900E-03,-179.3593E-03,-2.4623E-03
+19.6000E-03,-159.2588E-03,-12.5125E-03
+19.6100E-03,-136.1432E-03,-15.0251E-03
+19.6200E-03,-102.9774E-03,-15.0251E-03
+19.6300E-03,-76.3442E-03,-15.0251E-03
+19.6400E-03,-48.2035E-03,-15.0251E-03
+19.6500E-03,-18.5553E-03,-15.0251E-03
+19.6600E-03,+540.2E-06,-16.2814E-03
+19.6700E-03,+32.7010E-03,-26.3316E-03
+19.6800E-03,+56.8216E-03,-15.0251E-03
+19.6900E-03,+80.9422E-03,-15.0251E-03
+19.7000E-03,+97.5251E-03,-15.0251E-03
+19.7100E-03,+129.1834E-03,-17.5377E-03
+19.7200E-03,+152.2990E-03,-15.0251E-03
+19.7300E-03,+169.3844E-03,-6.2311E-03
+19.7400E-03,+200.5402E-03,-16.2814E-03
+19.7500E-03,+217.6256E-03,-15.0251E-03
+19.7600E-03,+233.7060E-03,-16.2814E-03
+19.7700E-03,+257.8266E-03,-22.5628E-03
+19.7800E-03,+280.9422E-03,-15.0251E-03
+19.7900E-03,+289.9874E-03,-35.1256E-03
+19.8000E-03,+306.0678E-03,-16.2814E-03
+19.8100E-03,+317.1231E-03,-15.0251E-03
+19.8200E-03,+330.1884E-03,-15.0251E-03
+19.8300E-03,+334.7111E-03,-35.1256E-03
+19.8400E-03,+345.2638E-03,-15.0251E-03
+19.8500E-03,+342.7513E-03,-26.3316E-03
+19.8600E-03,+354.3090E-03,+5.0754E-03
+19.8700E-03,+346.2688E-03,-35.1256E-03
+19.8800E-03,+354.3090E-03,-32.6130E-03
+19.8900E-03,+354.3090E-03,-2.4623E-03
+19.9000E-03,+354.3090E-03,-15.0251E-03
+19.9100E-03,+357.3241E-03,-22.5628E-03
+19.9200E-03,+354.3090E-03,-35.1256E-03
+19.9300E-03,+352.8015E-03,-15.0251E-03
+19.9400E-03,+354.8116E-03,-32.6130E-03
+19.9500E-03,+362.3492E-03,-2.4623E-03
+19.9600E-03,+362.3492E-03,-15.0251E-03
+19.9700E-03,+362.3492E-03,-15.0251E-03
+19.9800E-03,+362.3492E-03,-15.0251E-03
+19.9900E-03,+362.3492E-03,-6.2311E-03
+20.0000E-03,+362.3492E-03,-15.0251E-03
+20.0100E-03,+357.3241E-03,-6.2311E-03
+20.0200E-03,+354.8116E-03,-31.3568E-03
+20.0300E-03,+354.3090E-03,-15.0251E-03
+20.0400E-03,+362.3492E-03,-15.0251E-03
+20.0500E-03,+354.3090E-03,-15.0251E-03
+20.0600E-03,+354.3090E-03,-16.2814E-03
+20.0700E-03,+357.3241E-03,-15.0251E-03
+20.0800E-03,+354.8116E-03,-16.2814E-03
+20.0900E-03,+354.3090E-03,-15.0251E-03
+20.1000E-03,+354.3090E-03,-32.6130E-03
+20.1100E-03,+352.8015E-03,-6.2311E-03
+20.1200E-03,+346.7714E-03,-16.2814E-03
+20.1300E-03,+349.2839E-03,-15.0251E-03
+20.1400E-03,+346.7714E-03,-15.0251E-03
+20.1500E-03,+346.2688E-03,-2.4623E-03
+20.1600E-03,+345.2638E-03,-15.0251E-03
+20.1700E-03,+333.2035E-03,-15.0251E-03
+20.1800E-03,+337.2236E-03,-15.0251E-03
+20.1900E-03,+330.1884E-03,-26.3316E-03
+20.2000E-03,+329.1834E-03,-12.5125E-03
+20.2100E-03,+314.1080E-03,-15.0251E-03
+20.2200E-03,+298.5301E-03,-15.0251E-03
+20.2300E-03,+289.9874E-03,-26.3316E-03
+20.2400E-03,+281.9472E-03,-32.6130E-03
+20.2500E-03,+273.9070E-03,-15.0251E-03
+20.2600E-03,+250.2889E-03,-12.5125E-03
+20.2700E-03,+236.7211E-03,-26.3316E-03
+20.2800E-03,+225.6658E-03,-16.2814E-03
+20.2900E-03,+204.5603E-03,-15.0251E-03
+20.3000E-03,+185.4648E-03,-15.0251E-03
+20.3100E-03,+177.4246E-03,-17.5377E-03
+20.3200E-03,+153.8065E-03,-32.6130E-03
+20.3300E-03,+137.2236E-03,-15.0251E-03
+20.3400E-03,+128.1784E-03,-32.6130E-03
+20.3500E-03,+105.0628E-03,-15.0251E-03
+20.3600E-03,+80.9422E-03,-12.5125E-03
+20.3700E-03,+59.8367E-03,-26.3316E-03
+20.3800E-03,+48.7814E-03,-12.5125E-03
+20.3900E-03,+24.6608E-03,-15.0251E-03
+20.4000E-03,+7.5754E-03,-16.2814E-03
+20.4100E-03,-15.5402E-03,-22.5628E-03
+20.4200E-03,-30.6156E-03,-16.2814E-03
+20.4300E-03,-55.7412E-03,-22.5628E-03
+20.4400E-03,-78.8568E-03,-35.1256E-03
+20.4500E-03,-96.9472E-03,-26.3316E-03
+20.4600E-03,-127.0980E-03,-15.0251E-03
+20.4700E-03,-144.1834E-03,-15.0251E-03
+20.4800E-03,-168.3040E-03,-15.0251E-03
+20.4900E-03,-192.4246E-03,-26.3316E-03
+20.5000E-03,-215.5402E-03,-16.2814E-03
+20.5100E-03,-237.1482E-03,-26.3316E-03
+20.5200E-03,-257.2487E-03,+3.8191E-03
+20.5300E-03,-280.8668E-03,-15.0251E-03
+20.5400E-03,-304.9874E-03,-30.1005E-03
+20.5500E-03,-332.1231E-03,-35.1256E-03
+20.5600E-03,-337.6508E-03,-15.0251E-03
+20.5700E-03,-361.2688E-03,-26.3316E-03
+20.5800E-03,-384.3844E-03,-15.0251E-03
+20.5900E-03,-401.4698E-03,-35.1256E-03
+20.6000E-03,-417.5502E-03,-32.6130E-03
+20.6100E-03,-433.6306E-03,-15.0251E-03
+20.6200E-03,-450.2136E-03,-15.0251E-03
+20.6300E-03,-470.3141E-03,-15.0251E-03
+20.6400E-03,-481.8719E-03,-16.2814E-03
+20.6500E-03,-489.9121E-03,-15.0251E-03
+20.6600E-03,-505.9925E-03,-16.2814E-03
+20.6700E-03,-518.5553E-03,-15.0251E-03
+20.6800E-03,-530.1131E-03,-35.1256E-03
+20.6900E-03,-538.1533E-03,-35.1256E-03
+20.7000E-03,-538.1533E-03,-17.5377E-03
+20.7100E-03,-550.7161E-03,-22.5628E-03
+20.7200E-03,-553.2286E-03,-32.6130E-03
+20.7300E-03,-554.2337E-03,-26.3316E-03
+20.7400E-03,-554.2337E-03,-16.2814E-03
+20.7500E-03,-554.2337E-03,-15.0251E-03
+20.7600E-03,-554.2337E-03,-16.2814E-03
+20.7700E-03,-546.1935E-03,-15.0251E-03
+20.7800E-03,-553.2286E-03,-32.6130E-03
+20.7900E-03,-547.1985E-03,-22.5628E-03
+20.8000E-03,-537.1482E-03,-15.0251E-03
+20.8100E-03,-534.6357E-03,-15.0251E-03
+20.8200E-03,-522.0729E-03,-32.6130E-03
+20.8300E-03,-517.0477E-03,-15.0251E-03
+20.8400E-03,-512.5251E-03,-16.2814E-03
+20.8500E-03,-492.9271E-03,-22.5628E-03
+20.8600E-03,-473.8317E-03,-31.3568E-03
+20.8700E-03,-457.7513E-03,-15.0251E-03
+20.8800E-03,-440.6658E-03,-32.6130E-03
+20.8900E-03,-425.5904E-03,-15.0251E-03
+20.9000E-03,-401.4698E-03,-15.0251E-03
+20.9100E-03,-385.3894E-03,-15.0251E-03
+20.9200E-03,-368.3040E-03,-16.2814E-03
+20.9300E-03,-345.1884E-03,-22.5628E-03
+20.9400E-03,-328.1030E-03,-15.0251E-03
+20.9500E-03,-295.4397E-03,-22.5628E-03
+20.9600E-03,-272.8266E-03,-16.2814E-03
+20.9700E-03,-248.7060E-03,-6.2311E-03
+20.9800E-03,-224.5854E-03,-32.6130E-03
+20.9900E-03,-195.4397E-03,-22.5628E-03
+21.0000E-03,-174.8367E-03,-15.0251E-03
+21.0100E-03,-144.1834E-03,-22.5628E-03
+21.0200E-03,-112.5251E-03,-16.2814E-03
+21.0300E-03,-79.8618E-03,-15.0251E-03
+21.0400E-03,-47.7010E-03,-17.5377E-03
+21.0500E-03,-30.1131E-03,-26.3316E-03
+21.0600E-03,-6.9975E-03,-16.2814E-03
+21.0700E-03,+16.6206E-03,-15.0251E-03
+21.0800E-03,+47.7764E-03,-16.2814E-03
+21.0900E-03,+67.8769E-03,-2.4623E-03
+21.1000E-03,+97.0226E-03,-32.6130E-03
+21.1100E-03,+116.1181E-03,-31.3568E-03
+21.1200E-03,+129.1834E-03,-32.6130E-03
+21.1300E-03,+165.8668E-03,-15.0251E-03
+21.1400E-03,+177.9271E-03,-16.2814E-03
+21.1500E-03,+201.5452E-03,-15.0251E-03
+21.1600E-03,+225.6658E-03,-15.0251E-03
+21.1700E-03,+246.2688E-03,-15.0251E-03
+21.1800E-03,+265.8668E-03,-16.2814E-03
+21.1900E-03,+281.9472E-03,-26.3316E-03
+21.2000E-03,+298.0276E-03,-16.2814E-03
+21.2100E-03,+309.0829E-03,-15.0251E-03
+21.2200E-03,+322.1482E-03,-15.0251E-03
+21.2300E-03,+333.2035E-03,-15.0251E-03
+21.2400E-03,+337.2236E-03,-15.0251E-03
+21.2500E-03,+338.2286E-03,-15.0251E-03
+21.2600E-03,+352.8015E-03,-35.1256E-03
+21.2700E-03,+346.2688E-03,-35.1256E-03
+21.2800E-03,+354.3090E-03,-15.0251E-03
+21.2900E-03,+349.2839E-03,-15.0251E-03
+21.3000E-03,+354.3090E-03,-32.6130E-03
+21.3100E-03,+358.8317E-03,-2.4623E-03
+21.3200E-03,+361.3442E-03,-15.0251E-03
+21.3300E-03,+354.3090E-03,-15.0251E-03
+21.3400E-03,+354.8116E-03,-15.0251E-03
+21.3500E-03,+362.3492E-03,-26.3316E-03
+21.3600E-03,+354.3090E-03,-35.1256E-03
+21.3700E-03,+362.3492E-03,-15.0251E-03
+21.3800E-03,+347.2739E-03,-15.0251E-03
+21.3900E-03,+354.3090E-03,-26.3316E-03
+21.4000E-03,+362.3492E-03,-12.5125E-03
+21.4100E-03,+354.3090E-03,-6.2311E-03
+21.4200E-03,+361.3442E-03,-16.2814E-03
+21.4300E-03,+358.8317E-03,-15.0251E-03
+21.4400E-03,+361.3442E-03,-16.2814E-03
+21.4500E-03,+362.3492E-03,-26.3316E-03
+21.4600E-03,+354.8116E-03,+3.8191E-03
+21.4700E-03,+354.3090E-03,-15.0251E-03
+21.4800E-03,+353.3040E-03,-35.1256E-03
+21.4900E-03,+349.2839E-03,-2.4623E-03
+21.5000E-03,+353.3040E-03,-15.0251E-03
+21.5100E-03,+352.8015E-03,-15.0251E-03
+21.5200E-03,+346.2688E-03,-15.0251E-03
+21.5300E-03,+346.2688E-03,-15.0251E-03
+21.5400E-03,+354.3090E-03,-12.5125E-03
+21.5500E-03,+341.2437E-03,-31.3568E-03
+21.5600E-03,+345.2638E-03,-16.2814E-03
+21.5700E-03,+338.2286E-03,-35.1256E-03
+21.5800E-03,+330.1884E-03,-15.0251E-03
+21.5900E-03,+325.1633E-03,-26.3316E-03
+21.6000E-03,+322.1482E-03,-15.0251E-03
+21.6100E-03,+310.5904E-03,-35.1256E-03
+21.6200E-03,+298.0276E-03,-32.6130E-03
+21.6300E-03,+293.0025E-03,-15.0251E-03
+21.6400E-03,+281.9472E-03,-15.0251E-03
+21.6500E-03,+265.8668E-03,-26.3316E-03
+21.6600E-03,+249.7864E-03,-15.0251E-03
+21.6700E-03,+238.2286E-03,-15.0251E-03
+21.6800E-03,+210.5905E-03,-32.6130E-03
+21.6900E-03,+206.0678E-03,-22.5628E-03
+21.7000E-03,+178.4296E-03,-32.6130E-03
+21.7100E-03,+173.9070E-03,-2.4623E-03
+21.7200E-03,+145.7663E-03,-32.6130E-03
+21.7300E-03,+140.2387E-03,-15.0251E-03
+21.7400E-03,+127.6759E-03,-15.0251E-03
+21.7500E-03,+100.0377E-03,-15.0251E-03
+21.7600E-03,+87.9774E-03,-32.6130E-03
+21.7700E-03,+59.8367E-03,-22.5628E-03
+21.7800E-03,+48.7814E-03,-16.2814E-03
+21.7900E-03,+32.7010E-03,-15.0251E-03
+21.8000E-03,+15.6156E-03,-16.2814E-03
+21.8100E-03,-2.9774E-03,-15.0251E-03
+21.8200E-03,-30.6156E-03,-35.1256E-03
+21.8300E-03,-50.7161E-03,-22.5628E-03
+21.8400E-03,-71.8216E-03,-15.0251E-03
+21.8500E-03,-95.9422E-03,-15.0251E-03
+21.8600E-03,-120.0628E-03,-15.0251E-03
+21.8700E-03,-148.7060E-03,-35.1256E-03
+21.8800E-03,-160.7663E-03,-16.2814E-03
+21.8900E-03,-196.9472E-03,-35.1256E-03
+21.9000E-03,-215.5402E-03,-16.2814E-03
+21.9100E-03,-237.1482E-03,-15.0251E-03
+21.9200E-03,-257.2487E-03,-32.6130E-03
+21.9300E-03,-280.8668E-03,-22.5628E-03
+21.9400E-03,-297.9523E-03,-32.6130E-03
+21.9500E-03,-321.0678E-03,-26.3316E-03
+21.9600E-03,-345.1884E-03,-32.6130E-03
+21.9700E-03,-369.3090E-03,-15.0251E-03
+21.9800E-03,-385.8920E-03,-15.0251E-03
+21.9900E-03,-405.9925E-03,-35.1256E-03
+22.0000E-03,-426.0930E-03,-32.6130E-03
+22.0100E-03,-433.6306E-03,-15.0251E-03
+22.0200E-03,-457.7513E-03,-16.2814E-03
+22.0300E-03,-470.3141E-03,-15.0251E-03
+22.0400E-03,-481.8719E-03,-15.0251E-03
+22.0500E-03,-494.4347E-03,-26.3316E-03
+22.0600E-03,-505.9925E-03,-15.0251E-03
+22.0700E-03,-518.5553E-03,-35.1256E-03
+22.0800E-03,-530.1131E-03,-15.0251E-03
+22.0900E-03,-538.1533E-03,-15.0251E-03
+22.1000E-03,-545.1884E-03,-15.0251E-03
+22.1100E-03,-555.2387E-03,-15.0251E-03
+22.1200E-03,-554.2337E-03,-15.0251E-03
+22.1300E-03,-554.2337E-03,-15.0251E-03
+22.1400E-03,-561.2688E-03,-35.1256E-03
+22.1500E-03,-557.2487E-03,-15.0251E-03
+22.1600E-03,-569.3090E-03,-15.0251E-03
+22.1700E-03,-562.2739E-03,-15.0251E-03
+22.1800E-03,-554.2337E-03,-15.0251E-03
+22.1900E-03,-549.2085E-03,-22.5628E-03
+22.2000E-03,-546.1935E-03,-31.3568E-03
+22.2100E-03,-530.1131E-03,-22.5628E-03
+22.2200E-03,-530.1131E-03,+3.8191E-03
+22.2300E-03,-517.0477E-03,-15.0251E-03
+22.2400E-03,-513.0276E-03,-15.0251E-03
+22.2500E-03,-494.4347E-03,-26.3316E-03
+22.2600E-03,-480.8668E-03,-16.2814E-03
+22.2700E-03,-457.7513E-03,-22.5628E-03
+22.2800E-03,-441.6708E-03,-32.6130E-03
+22.2900E-03,-428.6055E-03,-22.5628E-03
+22.3000E-03,-401.9724E-03,-15.0251E-03
+22.3100E-03,-393.4296E-03,-17.5377E-03
+22.3200E-03,-369.3090E-03,-15.0251E-03
+22.3300E-03,-348.2035E-03,-15.0251E-03
+22.3400E-03,-321.5703E-03,-15.0251E-03
+22.3500E-03,-303.4799E-03,-15.0251E-03
+22.3600E-03,-273.3291E-03,-15.0251E-03
+22.3700E-03,-251.7211E-03,-26.3316E-03
+22.3800E-03,-224.5854E-03,-15.0251E-03
+22.3900E-03,-198.9573E-03,-26.3316E-03
+22.4000E-03,-167.2990E-03,-15.0251E-03
+22.4100E-03,-144.1834E-03,-26.3316E-03
+22.4200E-03,-120.0628E-03,-32.6130E-03
+22.4300E-03,-82.8769E-03,-26.3316E-03
+22.4400E-03,-54.7362E-03,-15.0251E-03
+22.4500E-03,-26.5955E-03,-15.0251E-03
+22.4600E-03,-14.5352E-03,-15.0251E-03
+22.4700E-03,+21.1432E-03,-15.0251E-03
+22.4800E-03,+48.7814E-03,-15.0251E-03
+22.4900E-03,+64.8618E-03,-11.2563E-03
+22.5000E-03,+89.4849E-03,-16.2814E-03
+22.5100E-03,+117.6256E-03,-15.0251E-03
+22.5200E-03,+137.2236E-03,-16.2814E-03
+22.5300E-03,+161.3442E-03,-35.1256E-03
+22.5400E-03,+185.4648E-03,-15.0251E-03
+22.5500E-03,+206.0678E-03,-22.5628E-03
+22.5600E-03,+218.6307E-03,-15.0251E-03
+22.5700E-03,+249.7864E-03,-6.2311E-03
+22.5800E-03,+264.8618E-03,-16.2814E-03
+22.5900E-03,+286.4698E-03,-15.0251E-03
+22.6000E-03,+305.0628E-03,-16.2814E-03
+22.6100E-03,+309.0829E-03,-15.0251E-03
+22.6200E-03,+315.1131E-03,-32.6130E-03
+22.6300E-03,+333.2035E-03,-15.0251E-03
+22.6400E-03,+337.2236E-03,-15.0251E-03
+22.6500E-03,+342.7513E-03,-15.0251E-03
+22.6600E-03,+345.2638E-03,-32.6130E-03
+22.6700E-03,+347.2739E-03,-26.3316E-03
+22.6800E-03,+354.3090E-03,-16.2814E-03
+22.6900E-03,+357.3241E-03,-15.0251E-03
+22.7000E-03,+354.3090E-03,-15.0251E-03
+22.7100E-03,+358.8317E-03,-15.0251E-03
+22.7200E-03,+354.8116E-03,-16.2814E-03
+22.7300E-03,+352.8015E-03,-26.3316E-03
+22.7400E-03,+362.3492E-03,-35.1256E-03
+22.7500E-03,+357.3241E-03,-15.0251E-03
+22.7600E-03,+361.3442E-03,-15.0251E-03
+22.7700E-03,+362.3492E-03,-15.0251E-03
+22.7800E-03,+362.3492E-03,-15.0251E-03
+22.7900E-03,+362.3492E-03,-15.0251E-03
+22.8000E-03,+361.3442E-03,-16.2814E-03
+22.8100E-03,+354.3090E-03,-26.3316E-03
+22.8200E-03,+362.3492E-03,-32.6130E-03
+22.8300E-03,+354.3090E-03,-26.3316E-03
+22.8400E-03,+362.3492E-03,-16.2814E-03
+22.8500E-03,+354.3090E-03,-15.0251E-03
+22.8600E-03,+361.3442E-03,-35.1256E-03
+22.8700E-03,+354.3090E-03,-22.5628E-03
+22.8800E-03,+354.3090E-03,-15.0251E-03
+22.8900E-03,+350.7915E-03,-26.3316E-03
+22.9000E-03,+347.2739E-03,-32.6130E-03
+22.9100E-03,+354.3090E-03,-37.6382E-03
+22.9200E-03,+354.3090E-03,-15.0251E-03
+22.9300E-03,+354.3090E-03,-22.5628E-03
+22.9400E-03,+338.7312E-03,-15.0251E-03
+22.9500E-03,+350.7915E-03,-15.0251E-03
+22.9600E-03,+337.2236E-03,-15.0251E-03
+22.9700E-03,+341.2437E-03,-15.0251E-03
+22.9800E-03,+323.1533E-03,-32.6130E-03
+22.9900E-03,+326.6709E-03,-26.3316E-03
+23.0000E-03,+322.1482E-03,-16.2814E-03
+23.0100E-03,+314.1080E-03,-35.1256E-03
+23.0200E-03,+306.0678E-03,-32.6130E-03
+23.0300E-03,+290.9925E-03,-11.2563E-03
+23.0400E-03,+288.9824E-03,-15.0251E-03
+23.0500E-03,+265.8668E-03,-26.3316E-03
+23.0600E-03,+257.8266E-03,-16.2814E-03
+23.0700E-03,+238.2286E-03,-26.3316E-03
+23.0800E-03,+225.6658E-03,-16.2814E-03
+23.0900E-03,+206.0678E-03,-15.0251E-03
+23.1000E-03,+192.5000E-03,-35.1256E-03
+23.1100E-03,+181.9472E-03,-15.0251E-03
+23.1200E-03,+161.3442E-03,-12.5125E-03
+23.1300E-03,+145.2638E-03,-15.0251E-03
+23.1400E-03,+121.1432E-03,-16.2814E-03
+23.1500E-03,+105.0628E-03,-26.3316E-03
+23.1600E-03,+81.4447E-03,-35.1256E-03
+23.1700E-03,+72.9020E-03,-22.5628E-03
+23.1800E-03,+55.3141E-03,-15.0251E-03
+23.1900E-03,+33.7060E-03,-22.5628E-03
+23.2000E-03,+9.0829E-03,-15.0251E-03
+23.2100E-03,-7.5000E-03,+5.0754E-03
+23.2200E-03,-24.0829E-03,-15.0251E-03
+23.2300E-03,-50.7161E-03,-22.5628E-03
+23.2400E-03,-64.2839E-03,-32.6130E-03
+23.2500E-03,-87.9020E-03,-15.0251E-03
+23.2600E-03,-120.5653E-03,-35.1256E-03
+23.2700E-03,-136.1432E-03,-22.5628E-03
+23.2800E-03,-168.3040E-03,-15.0251E-03
+23.2900E-03,-188.9070E-03,-35.1256E-03
+23.3000E-03,-215.5402E-03,-15.0251E-03
+23.3100E-03,-232.6256E-03,-22.5628E-03
+23.3200E-03,-256.7462E-03,-15.0251E-03
+23.3300E-03,-280.8668E-03,-26.3316E-03
+23.3400E-03,-304.9874E-03,-32.6130E-03
+23.3500E-03,-321.0678E-03,-15.0251E-03
+23.3600E-03,-345.1884E-03,-32.6130E-03
+23.3700E-03,-365.7915E-03,-15.0251E-03
+23.3800E-03,-377.8518E-03,-16.2814E-03
+23.3900E-03,-396.4447E-03,-35.1256E-03
+23.4000E-03,-417.5502E-03,-15.0251E-03
+23.4100E-03,-428.6055E-03,-15.0251E-03
+23.4200E-03,-456.7462E-03,-15.0251E-03
+23.4300E-03,-465.7915E-03,-26.3316E-03
+23.4400E-03,-481.8719E-03,-32.6130E-03
+23.4500E-03,-494.4347E-03,-15.0251E-03
+23.4600E-03,-505.9925E-03,-32.6130E-03
+23.4700E-03,-517.0477E-03,-15.0251E-03
+23.4800E-03,-530.1131E-03,-15.0251E-03
+23.4900E-03,-534.6357E-03,-26.3316E-03
+23.5000E-03,-546.1935E-03,-32.6130E-03
+23.5100E-03,-549.2085E-03,-35.1256E-03
+23.5200E-03,-554.2337E-03,-16.2814E-03
+23.5300E-03,-562.2739E-03,-22.5628E-03
+23.5400E-03,-554.2337E-03,-32.6130E-03
+23.5500E-03,-562.2739E-03,-35.1256E-03
+23.5600E-03,-562.2739E-03,-15.0251E-03
+23.5700E-03,-562.2739E-03,-22.5628E-03
+23.5800E-03,-553.2286E-03,-32.6130E-03
+23.5900E-03,-549.2085E-03,-35.1256E-03
+23.6000E-03,-538.6558E-03,-16.2814E-03
+23.6100E-03,-538.1533E-03,-26.3316E-03
+23.6200E-03,-530.1131E-03,-16.2814E-03
+23.6300E-03,-517.0477E-03,-15.0251E-03
+23.6400E-03,-505.9925E-03,-15.0251E-03
+23.6500E-03,-497.9523E-03,-35.1256E-03
+23.6600E-03,-480.8668E-03,-12.5125E-03
+23.6700E-03,-460.7663E-03,-26.3316E-03
+23.6800E-03,-449.7111E-03,-15.0251E-03
+23.6900E-03,-430.1131E-03,-15.0251E-03
+23.7000E-03,-410.0126E-03,-15.0251E-03
+23.7100E-03,-388.4045E-03,-15.0251E-03
+23.7200E-03,-369.3090E-03,-15.0251E-03
+23.7300E-03,-353.2286E-03,-15.0251E-03
+23.7400E-03,-328.1030E-03,-32.6130E-03
+23.7500E-03,-304.9874E-03,-22.5628E-03
+23.7600E-03,-273.3291E-03,-32.6130E-03
+23.7700E-03,-248.7060E-03,-6.2311E-03
+23.7800E-03,-224.5854E-03,-15.0251E-03
+23.7900E-03,-195.4397E-03,-22.5628E-03
+23.8000E-03,-168.8065E-03,-15.0251E-03
+23.8100E-03,-144.1834E-03,-15.0251E-03
+23.8200E-03,-119.0578E-03,+2.5628E-03
+23.8300E-03,-95.9422E-03,-22.5628E-03
+23.8400E-03,-62.7764E-03,-35.1256E-03
+23.8500E-03,-34.6357E-03,-22.5628E-03
+23.8600E-03,-6.9975E-03,-15.0251E-03
+23.8700E-03,+24.6608E-03,-35.1256E-03
+23.8800E-03,+40.7412E-03,-32.6130E-03
+23.8900E-03,+61.3442E-03,-15.0251E-03
+23.9000E-03,+89.4849E-03,-15.0251E-03
+23.9100E-03,+116.1181E-03,-15.0251E-03
+23.9200E-03,+137.7261E-03,-15.0251E-03
+23.9300E-03,+157.8266E-03,-15.0251E-03
+23.9400E-03,+177.9271E-03,-15.0251E-03
+23.9500E-03,+198.0276E-03,-26.3316E-03
+23.9600E-03,+224.6608E-03,-32.6130E-03
+23.9700E-03,+246.2688E-03,-15.0251E-03
+23.9800E-03,+272.9020E-03,-35.1256E-03
+23.9900E-03,+281.9472E-03,-26.3316E-03
+24.0000E-03,+298.0276E-03,-16.2814E-03
+24.0100E-03,+314.1080E-03,-15.0251E-03
+24.0200E-03,+322.6508E-03,-16.2814E-03
+24.0300E-03,+338.2286E-03,-37.6382E-03
+24.0400E-03,+338.2286E-03,-15.0251E-03
+24.0500E-03,+342.7513E-03,-15.0251E-03
+24.0600E-03,+338.7312E-03,-35.1256E-03
+24.0700E-03,+354.3090E-03,-26.3316E-03
+24.0800E-03,+345.2638E-03,-35.1256E-03
+24.0900E-03,+350.7915E-03,-22.5628E-03
+24.1000E-03,+353.3040E-03,-16.2814E-03
+24.1100E-03,+354.3090E-03,-15.0251E-03
+24.1200E-03,+354.8116E-03,-16.2814E-03
+24.1300E-03,+349.2839E-03,-35.1256E-03
+24.1400E-03,+362.3492E-03,+3.8191E-03
+24.1500E-03,+358.8317E-03,-22.5628E-03
+24.1600E-03,+354.8116E-03,-16.2814E-03
+24.1700E-03,+358.8317E-03,-15.0251E-03
+24.1800E-03,+362.3492E-03,-15.0251E-03
+24.1900E-03,+358.8317E-03,-15.0251E-03
+24.2000E-03,+362.3492E-03,-16.2814E-03
+24.2100E-03,+358.8317E-03,-2.4623E-03
+24.2200E-03,+354.8116E-03,-15.0251E-03
+24.2300E-03,+354.3090E-03,-26.3316E-03
+24.2400E-03,+354.8116E-03,-16.2814E-03
+24.2500E-03,+362.3492E-03,-26.3316E-03
+24.2600E-03,+361.3442E-03,-16.2814E-03
+24.2700E-03,+354.3090E-03,-35.1256E-03
+24.2800E-03,+362.3492E-03,-15.0251E-03
+24.2900E-03,+350.7915E-03,-35.1256E-03
+24.3000E-03,+346.7714E-03,-32.6130E-03
+24.3100E-03,+354.3090E-03,-26.3316E-03
+24.3200E-03,+346.2688E-03,-32.6130E-03
+24.3300E-03,+362.3492E-03,-6.2311E-03
+24.3400E-03,+345.2638E-03,-16.2814E-03
+24.3500E-03,+346.2688E-03,-15.0251E-03
+24.3600E-03,+338.2286E-03,-15.0251E-03
+24.3700E-03,+338.2286E-03,-15.0251E-03
+24.3800E-03,+330.6910E-03,-15.0251E-03
+24.3900E-03,+333.2035E-03,-22.5628E-03
+24.4000E-03,+314.6105E-03,-32.6130E-03
+24.4100E-03,+314.1080E-03,-22.5628E-03
+24.4200E-03,+306.5703E-03,+3.8191E-03
+24.4300E-03,+298.0276E-03,-22.5628E-03
+24.4400E-03,+281.9472E-03,-15.0251E-03
+24.4500E-03,+276.9221E-03,-26.3316E-03
+24.4600E-03,+257.8266E-03,+3.8191E-03
+24.4700E-03,+233.7060E-03,-22.5628E-03
+24.4800E-03,+224.6608E-03,-32.6130E-03
+24.4900E-03,+209.5854E-03,-15.0251E-03
+24.5000E-03,+193.5050E-03,-16.2814E-03
+24.5100E-03,+177.4246E-03,-26.3316E-03
+24.5200E-03,+161.3442E-03,-35.1256E-03
+24.5300E-03,+145.2638E-03,-2.4623E-03
+24.5400E-03,+128.1784E-03,-15.0251E-03
+24.5500E-03,+105.0628E-03,-22.5628E-03
+24.5600E-03,+96.0176E-03,-15.0251E-03
+24.5700E-03,+71.3945E-03,-15.0251E-03
+24.5800E-03,+49.2839E-03,-32.6130E-03
+24.5900E-03,+35.7161E-03,-35.1256E-03
+24.6000E-03,+15.6156E-03,-35.1256E-03
+24.6100E-03,-2.9774E-03,-15.0251E-03
+24.6200E-03,-23.5804E-03,-32.6130E-03
+24.6300E-03,-40.6658E-03,-15.0251E-03
+24.6400E-03,-63.7814E-03,-32.6130E-03
+24.6500E-03,-87.9020E-03,-15.0251E-03
+24.6600E-03,-119.0578E-03,-32.6130E-03
+24.6700E-03,-136.1432E-03,-15.0251E-03
+24.6800E-03,-160.2638E-03,-15.0251E-03
+24.6900E-03,-184.3844E-03,-15.0251E-03
+24.7000E-03,-208.5050E-03,-32.6130E-03
+24.7100E-03,-224.5854E-03,-26.3316E-03
+24.7200E-03,-255.7412E-03,-16.2814E-03
+24.7300E-03,-277.3492E-03,-35.1256E-03
+24.7400E-03,-297.4497E-03,-35.1256E-03
+24.7500E-03,-325.5904E-03,-26.3316E-03
+24.7600E-03,-337.6508E-03,-15.0251E-03
+24.7700E-03,-357.7513E-03,-26.3316E-03
+24.7800E-03,-385.3894E-03,-35.1256E-03
+24.7900E-03,-396.4447E-03,-35.1256E-03
+24.8000E-03,-417.5502E-03,+3.8191E-03
+24.8100E-03,-433.6306E-03,-22.5628E-03
+24.8200E-03,-449.7111E-03,-16.2814E-03
+24.8300E-03,-465.7915E-03,-6.2311E-03
+24.8400E-03,-474.8367E-03,-16.2814E-03
+24.8500E-03,-494.4347E-03,-35.1256E-03
+24.8600E-03,-505.9925E-03,-15.0251E-03
+24.8700E-03,-514.0327E-03,-15.0251E-03
+24.8800E-03,-529.1080E-03,-15.0251E-03
+24.8900E-03,-533.1281E-03,-15.0251E-03
+24.9000E-03,-538.1533E-03,-15.0251E-03
+24.9100E-03,-550.7161E-03,-26.3316E-03
+24.9200E-03,-554.2337E-03,-32.6130E-03
+24.9300E-03,-565.2889E-03,-15.0251E-03
+24.9400E-03,-569.3090E-03,-35.1256E-03
+24.9500E-03,-562.2739E-03,-26.3316E-03
+24.9600E-03,-561.2688E-03,-16.2814E-03
+24.9700E-03,-562.2739E-03,-26.3316E-03
+24.9800E-03,-561.2688E-03,-16.2814E-03
+24.9900E-03,-550.7161E-03,-26.3316E-03
+25.0000E-03,-553.2286E-03,-15.0251E-03
+25.0100E-03,-538.1533E-03,-15.0251E-03
+25.0200E-03,-529.1080E-03,-32.6130E-03
+25.0300E-03,-517.0477E-03,-46.4321E-03
+25.0400E-03,-513.0276E-03,+3.8191E-03
+25.0500E-03,-497.9523E-03,-26.3316E-03
+25.0600E-03,-482.8769E-03,-35.1256E-03
+25.0700E-03,-473.8317E-03,-15.0251E-03
+25.0800E-03,-456.7462E-03,-32.6130E-03
+25.0900E-03,-433.6306E-03,-2.4623E-03
+25.1000E-03,-417.5502E-03,-31.3568E-03
+25.1100E-03,-393.4296E-03,-15.0251E-03
+25.1200E-03,-377.3492E-03,-35.1256E-03
+25.1300E-03,-365.7915E-03,-26.3316E-03
+25.1400E-03,-329.6105E-03,-32.6130E-03
+25.1500E-03,-304.9874E-03,-15.0251E-03
+25.1600E-03,-288.9070E-03,-32.6130E-03
+25.1700E-03,-259.7613E-03,-15.0251E-03
+25.1800E-03,-225.0879E-03,-32.6130E-03
+25.1900E-03,-208.5050E-03,-15.0251E-03
+25.2000E-03,-183.3794E-03,-15.0251E-03
+25.2100E-03,-147.1985E-03,-26.3316E-03
+25.2200E-03,-120.0628E-03,-15.0251E-03
+25.2300E-03,-95.9422E-03,-26.3316E-03
+25.2400E-03,-70.3141E-03,-35.1256E-03
+25.2500E-03,-39.6608E-03,-15.0251E-03
+25.2600E-03,-7.5000E-03,-16.2814E-03
+25.2700E-03,+16.6206E-03,-26.3316E-03
+25.2800E-03,+33.2035E-03,-15.0251E-03
+25.2900E-03,+56.8216E-03,-15.0251E-03
+25.3000E-03,+81.4447E-03,-16.2814E-03
+25.3100E-03,+105.0628E-03,-22.5628E-03
+25.3200E-03,+129.6859E-03,-16.2814E-03
+25.3300E-03,+157.8266E-03,-15.0251E-03
+25.3400E-03,+176.4196E-03,-16.2814E-03
+25.3500E-03,+201.5452E-03,-35.1256E-03
+25.3600E-03,+218.1281E-03,-15.0251E-03
+25.3700E-03,+241.7462E-03,-15.0251E-03
+25.3800E-03,+258.3291E-03,-32.6130E-03
+25.3900E-03,+281.9472E-03,-15.0251E-03
+25.4000E-03,+305.0628E-03,-31.3568E-03
+25.4100E-03,+309.0829E-03,-26.3316E-03
+25.4200E-03,+322.1482E-03,-16.2814E-03
+25.4300E-03,+334.7111E-03,-15.0251E-03
+25.4400E-03,+338.2286E-03,-16.2814E-03
+25.4500E-03,+342.7513E-03,-26.3316E-03
+25.4600E-03,+345.2638E-03,-15.0251E-03
+25.4700E-03,+354.3090E-03,-15.0251E-03
+25.4800E-03,+354.3090E-03,-35.1256E-03
+25.4900E-03,+354.3090E-03,-15.0251E-03
+25.5000E-03,+346.7714E-03,-32.6130E-03
+25.5100E-03,+354.3090E-03,-15.0251E-03
+25.5200E-03,+354.3090E-03,-15.0251E-03
+25.5300E-03,+357.3241E-03,-22.5628E-03
+25.5400E-03,+354.8116E-03,-16.2814E-03
+25.5500E-03,+358.8317E-03,-22.5628E-03
+25.5600E-03,+362.3492E-03,-15.0251E-03
+25.5700E-03,+358.8317E-03,-15.0251E-03
+25.5800E-03,+361.3442E-03,-15.0251E-03
+25.5900E-03,+358.8317E-03,-35.1256E-03
+25.6000E-03,+362.3492E-03,-16.2814E-03
+25.6100E-03,+362.3492E-03,-15.0251E-03
+25.6200E-03,+362.3492E-03,-52.7135E-03
+25.6300E-03,+358.8317E-03,-15.0251E-03
+25.6400E-03,+354.8116E-03,-15.0251E-03
+25.6500E-03,+358.8317E-03,-22.5628E-03
+25.6600E-03,+354.3090E-03,-35.1256E-03
+25.6700E-03,+354.3090E-03,-26.3316E-03
+25.6800E-03,+361.3442E-03,-16.2814E-03
+25.6900E-03,+357.3241E-03,-22.5628E-03
+25.7000E-03,+362.3492E-03,-32.6130E-03
+25.7100E-03,+358.8317E-03,-15.0251E-03
+25.7200E-03,+354.3090E-03,-32.6130E-03
+25.7300E-03,+350.7915E-03,-15.0251E-03
+25.7400E-03,+339.2337E-03,-35.1256E-03
+25.7500E-03,+341.2437E-03,-15.0251E-03
+25.7600E-03,+345.2638E-03,-32.6130E-03
+25.7700E-03,+338.2286E-03,-22.5628E-03
+25.7800E-03,+330.6910E-03,-16.2814E-03
+25.7900E-03,+330.1884E-03,-6.2311E-03
+25.8000E-03,+322.1482E-03,-16.2814E-03
+25.8100E-03,+314.1080E-03,-15.0251E-03
+25.8200E-03,+313.1030E-03,-15.0251E-03
+25.8300E-03,+298.0276E-03,-26.3316E-03
+25.8400E-03,+297.0226E-03,-32.6130E-03
+25.8500E-03,+281.9472E-03,-26.3316E-03
+25.8600E-03,+265.8668E-03,-32.6130E-03
+25.8700E-03,+257.8266E-03,-26.3316E-03
+25.8800E-03,+234.2085E-03,-35.1256E-03
+25.8900E-03,+214.1080E-03,-22.5628E-03
+25.9000E-03,+201.5452E-03,-15.0251E-03
+25.9100E-03,+185.4648E-03,-2.4623E-03
+25.9200E-03,+168.3794E-03,-16.2814E-03
+25.9300E-03,+148.2789E-03,-22.5628E-03
+25.9400E-03,+129.1834E-03,-15.0251E-03
+25.9500E-03,+117.6256E-03,-15.0251E-03
+25.9600E-03,+97.5251E-03,-35.1256E-03
+25.9700E-03,+77.4246E-03,-15.0251E-03
+25.9800E-03,+64.8618E-03,-15.0251E-03
+25.9900E-03,+45.2638E-03,-15.0251E-03
+26.0000E-03,+17.1231E-03,-32.6130E-03
+26.0100E-03,+8.5804E-03,-22.5628E-03
+26.0200E-03,-15.5402E-03,-51.4573E-03
+26.0300E-03,-34.6357E-03,-17.5377E-03
+26.0400E-03,-62.7764E-03,-32.6130E-03
+26.0500E-03,-84.3844E-03,-15.0251E-03
+26.0600E-03,-102.9774E-03,-32.6130E-03
+26.0700E-03,-131.1181E-03,-26.3316E-03
+26.0800E-03,-145.1884E-03,-15.0251E-03
+26.0900E-03,-176.3442E-03,-15.0251E-03
+26.1000E-03,-192.4246E-03,-16.2814E-03
+26.1100E-03,-224.5854E-03,-26.3316E-03
+26.1200E-03,-240.6658E-03,-15.0251E-03
+26.1300E-03,-264.7864E-03,-15.0251E-03
+26.1400E-03,-289.4095E-03,-15.0251E-03
+26.1500E-03,-304.9874E-03,-15.0251E-03
+26.1600E-03,-337.1482E-03,-15.0251E-03
+26.1700E-03,-353.2286E-03,-15.0251E-03
+26.1800E-03,-377.3492E-03,-16.2814E-03
+26.1900E-03,-388.4045E-03,-15.0251E-03
+26.2000E-03,-409.5100E-03,-16.2814E-03
+26.2100E-03,-430.1131E-03,-26.3316E-03
+26.2200E-03,-441.6708E-03,+3.8191E-03
+26.2300E-03,-454.2337E-03,-35.1256E-03
+26.2400E-03,-480.8668E-03,-15.0251E-03
+26.2500E-03,-486.3945E-03,-15.0251E-03
+26.2600E-03,-504.9874E-03,-15.0251E-03
+26.2700E-03,-509.0075E-03,-26.3316E-03
+26.2800E-03,-521.0678E-03,-15.0251E-03
+26.2900E-03,-534.6357E-03,-22.5628E-03
+26.3000E-03,-538.1533E-03,-15.0251E-03
+26.3100E-03,-554.2337E-03,-26.3316E-03
+26.3200E-03,-546.6960E-03,-16.2814E-03
+26.3300E-03,-557.2487E-03,-22.5628E-03
+26.3400E-03,-554.7362E-03,-15.0251E-03
+26.3500E-03,-554.2337E-03,-22.5628E-03
+26.3600E-03,-561.2688E-03,-15.0251E-03
+26.3700E-03,-558.7563E-03,-15.0251E-03
+26.3800E-03,-554.7362E-03,-15.0251E-03
+26.3900E-03,-549.2085E-03,-22.5628E-03
+26.4000E-03,-546.1935E-03,-32.6130E-03
+26.4100E-03,-538.1533E-03,-15.0251E-03
+26.4200E-03,-529.1080E-03,-15.0251E-03
+26.4300E-03,-522.0729E-03,-22.5628E-03
+26.4400E-03,-521.0678E-03,-15.0251E-03
+26.4500E-03,-497.9523E-03,-26.3316E-03
+26.4600E-03,-482.3744E-03,-35.1256E-03
+26.4700E-03,-470.3141E-03,-35.1256E-03
+26.4800E-03,-450.2136E-03,-15.0251E-03
+26.4900E-03,-438.1533E-03,-35.1256E-03
+26.5000E-03,-425.5904E-03,-15.0251E-03
+26.5100E-03,-399.9623E-03,-15.0251E-03
+26.5200E-03,-385.3894E-03,-16.2814E-03
+26.5300E-03,-361.2688E-03,-15.0251E-03
+26.5400E-03,-337.1482E-03,-15.0251E-03
+26.5500E-03,-321.0678E-03,-22.5628E-03
+26.5600E-03,-289.4095E-03,+2.5628E-03
+26.5700E-03,-269.3090E-03,-15.0251E-03
+26.5800E-03,-240.6658E-03,-15.0251E-03
+26.5900E-03,-216.5452E-03,-15.0251E-03
+26.6000E-03,-198.4548E-03,-16.2814E-03
+26.6100E-03,-163.2789E-03,-15.0251E-03
+26.6200E-03,-136.1432E-03,+3.8191E-03
+26.6300E-03,-106.9975E-03,-6.2311E-03
+26.6400E-03,-79.8618E-03,-15.0251E-03
+26.6500E-03,-50.7161E-03,-26.3316E-03
+26.6600E-03,-24.0829E-03,-15.0251E-03
+26.6700E-03,+540.2E-06,-15.0251E-03
+26.6800E-03,+31.6960E-03,-16.2814E-03
+26.6900E-03,+53.3040E-03,-15.0251E-03
+26.7000E-03,+73.4045E-03,-32.6130E-03
+26.7100E-03,+101.5452E-03,-35.1256E-03
+26.7200E-03,+121.1432E-03,-32.6130E-03
+26.7300E-03,+141.7462E-03,-26.3316E-03
+26.7400E-03,+161.8467E-03,-32.6130E-03
+26.7500E-03,+189.9874E-03,-35.1256E-03
+26.7600E-03,+216.6206E-03,-15.0251E-03
+26.7700E-03,+230.1884E-03,-15.0251E-03
+26.7800E-03,+250.2889E-03,-15.0251E-03
+26.7900E-03,+278.4296E-03,-22.5628E-03
+26.8000E-03,+289.9874E-03,-15.0251E-03
+26.8100E-03,+302.5502E-03,-15.0251E-03
+26.8200E-03,+314.1080E-03,-15.0251E-03
+26.8300E-03,+330.1884E-03,-15.0251E-03
+26.8400E-03,+336.7211E-03,-16.2814E-03
+26.8500E-03,+333.2035E-03,-15.0251E-03
+26.8600E-03,+352.8015E-03,-16.2814E-03
+26.8700E-03,+346.2688E-03,-22.5628E-03
+26.8800E-03,+353.3040E-03,-15.0251E-03
+26.8900E-03,+354.3090E-03,-15.0251E-03
+26.9000E-03,+354.3090E-03,-15.0251E-03
+26.9100E-03,+357.3241E-03,-22.5628E-03
+26.9200E-03,+361.3442E-03,-35.1256E-03
+26.9300E-03,+362.3492E-03,-26.3316E-03
+26.9400E-03,+354.8116E-03,-15.0251E-03
+26.9500E-03,+362.3492E-03,-22.5628E-03
+26.9600E-03,+354.8116E-03,-32.6130E-03
+26.9700E-03,+362.3492E-03,-22.5628E-03
+26.9800E-03,+362.3492E-03,-15.0251E-03
+26.9900E-03,+362.3492E-03,-22.5628E-03
+27.0000E-03,+362.3492E-03,-15.0251E-03
+27.0100E-03,+362.3492E-03,-2.4623E-03
+27.0200E-03,+361.3442E-03,-32.6130E-03
+27.0300E-03,+362.3492E-03,-15.0251E-03
+27.0400E-03,+354.8116E-03,-32.6130E-03
+27.0500E-03,+354.3090E-03,-2.4623E-03
+27.0600E-03,+362.3492E-03,-16.2814E-03
+27.0700E-03,+362.3492E-03,-22.5628E-03
+27.0800E-03,+354.8116E-03,-16.2814E-03
+27.0900E-03,+355.3141E-03,-15.0251E-03
+27.1000E-03,+353.3040E-03,-35.1256E-03
+27.1100E-03,+349.2839E-03,-22.5628E-03
+27.1200E-03,+352.8015E-03,-16.2814E-03
+27.1300E-03,+350.7915E-03,-15.0251E-03
+27.1400E-03,+354.3090E-03,-15.0251E-03
+27.1500E-03,+342.7513E-03,-26.3316E-03
+27.1600E-03,+338.7312E-03,-15.0251E-03
+27.1700E-03,+338.2286E-03,-15.0251E-03
+27.1800E-03,+330.1884E-03,-35.1256E-03
+27.1900E-03,+330.1884E-03,-15.0251E-03
+27.2000E-03,+329.1834E-03,-16.2814E-03
+27.2100E-03,+314.1080E-03,-35.1256E-03
+27.2200E-03,+313.1030E-03,-35.1256E-03
+27.2300E-03,+301.0427E-03,-26.3316E-03
+27.2400E-03,+289.9874E-03,-15.0251E-03
+27.2500E-03,+281.9472E-03,-37.6382E-03
+27.2600E-03,+264.8618E-03,-16.2814E-03
+27.2700E-03,+249.7864E-03,-15.0251E-03
+27.2800E-03,+240.7412E-03,-15.0251E-03
+27.2900E-03,+225.6658E-03,-35.1256E-03
+27.3000E-03,+201.5452E-03,-51.4573E-03
+27.3100E-03,+185.4648E-03,-26.3316E-03
+27.3200E-03,+177.4246E-03,-15.0251E-03
+27.3300E-03,+153.3040E-03,-15.0251E-03
+27.3400E-03,+130.1884E-03,-16.2814E-03
+27.3500E-03,+116.1181E-03,-2.4623E-03
+27.3600E-03,+97.5251E-03,-16.2814E-03
+27.3700E-03,+80.9422E-03,-11.2563E-03
+27.3800E-03,+64.8618E-03,-15.0251E-03
+27.3900E-03,+43.7563E-03,-35.1256E-03
+27.4000E-03,+24.6608E-03,-32.6130E-03
+27.4100E-03,+13.1030E-03,-35.1256E-03
+27.4200E-03,-15.5402E-03,-15.0251E-03
+27.4300E-03,-31.6206E-03,-15.0251E-03
+27.4400E-03,-56.2437E-03,-16.2814E-03
+27.4500E-03,-79.8618E-03,-26.3316E-03
+27.4600E-03,-95.9422E-03,-32.6130E-03
+27.4700E-03,-124.5854E-03,-26.3316E-03
+27.4800E-03,-144.6859E-03,-31.3568E-03
+27.4900E-03,-172.8266E-03,-26.3316E-03
+27.5000E-03,-184.8869E-03,-16.2814E-03
+27.5100E-03,-216.5452E-03,-15.0251E-03
+27.5200E-03,-240.6658E-03,-16.2814E-03
+27.5300E-03,-264.7864E-03,-22.5628E-03
+27.5400E-03,-288.9070E-03,-32.6130E-03
+27.5500E-03,-304.9874E-03,-15.0251E-03
+27.5600E-03,-321.5703E-03,-16.2814E-03
+27.5700E-03,-349.7111E-03,-26.3316E-03
+27.5800E-03,-376.3442E-03,-15.0251E-03
+27.5900E-03,-388.4045E-03,-42.6633E-03
+27.6000E-03,-401.4698E-03,-16.2814E-03
+27.6100E-03,-425.5904E-03,-35.1256E-03
+27.6200E-03,-442.1734E-03,-16.2814E-03
+27.6300E-03,-457.7513E-03,-22.5628E-03
+27.6400E-03,-466.7965E-03,-16.2814E-03
+27.6500E-03,-486.3945E-03,-26.3316E-03
+27.6600E-03,-498.4548E-03,-32.6130E-03
+27.6700E-03,-514.0327E-03,-6.2311E-03
+27.6800E-03,-522.0729E-03,-32.6130E-03
+27.6900E-03,-534.6357E-03,-22.5628E-03
+27.7000E-03,-538.6558E-03,-15.0251E-03
+27.7100E-03,-546.1935E-03,-22.5628E-03
+27.7200E-03,-546.1935E-03,-16.2814E-03
+27.7300E-03,-562.2739E-03,-15.0251E-03
+27.7400E-03,-569.3090E-03,-32.6130E-03
+27.7500E-03,-554.2337E-03,-15.0251E-03
+27.7600E-03,-562.7764E-03,-35.1256E-03
+27.7700E-03,-562.2739E-03,-26.3316E-03
+27.7800E-03,-561.2688E-03,-15.0251E-03
+27.7900E-03,-562.2739E-03,-22.5628E-03
+27.8000E-03,-546.6960E-03,-15.0251E-03
+27.8100E-03,-546.1935E-03,-26.3316E-03
+27.8200E-03,-538.1533E-03,-17.5377E-03
+27.8300E-03,-525.0879E-03,-26.3316E-03
+27.8400E-03,-514.0327E-03,-16.2814E-03
+27.8500E-03,-505.9925E-03,-2.4623E-03
+27.8600E-03,-496.9472E-03,-32.6130E-03
+27.8700E-03,-481.8719E-03,-15.0251E-03
+27.8800E-03,-465.7915E-03,-15.0251E-03
+27.8900E-03,-449.7111E-03,-15.0251E-03
+27.9000E-03,-425.5904E-03,-15.0251E-03
+27.9100E-03,-417.5502E-03,-15.0251E-03
+27.9200E-03,-393.4296E-03,-32.6130E-03
+27.9300E-03,-372.3241E-03,-15.0251E-03
+27.9400E-03,-344.1834E-03,-32.6130E-03
+27.9500E-03,-316.0427E-03,-15.0251E-03
+27.9600E-03,-296.9472E-03,-15.0251E-03
+27.9700E-03,-272.8266E-03,-26.3316E-03
+27.9800E-03,-248.7060E-03,-35.1256E-03
+27.9900E-03,-216.5452E-03,-17.5377E-03
+28.0000E-03,-192.4246E-03,-12.5125E-03
+28.0100E-03,-168.3040E-03,-22.5628E-03
+28.0200E-03,-143.1784E-03,-16.2814E-03
+28.0300E-03,-108.5050E-03,-22.5628E-03
+28.0400E-03,-79.8618E-03,-15.0251E-03
+28.0500E-03,-55.7412E-03,-26.3316E-03
+28.0600E-03,-30.6156E-03,-16.2814E-03
+28.0700E-03,-2.9774E-03,-35.1256E-03
+28.0800E-03,+24.6608E-03,-16.2814E-03
+28.0900E-03,+45.2638E-03,-35.1256E-03
+28.1000E-03,+72.9020E-03,-15.0251E-03
+28.1100E-03,+88.9824E-03,-35.1256E-03
+28.1200E-03,+120.1382E-03,-15.0251E-03
+28.1300E-03,+137.2236E-03,-26.3316E-03
+28.1400E-03,+168.3794E-03,-15.0251E-03
+28.1500E-03,+180.4397E-03,-15.0251E-03
+28.1600E-03,+209.5854E-03,-15.0251E-03
+28.1700E-03,+225.6658E-03,-15.0251E-03
+28.1800E-03,+250.2889E-03,-31.3568E-03
+28.1900E-03,+270.3894E-03,-15.0251E-03
+28.2000E-03,+289.9874E-03,-15.0251E-03
+28.2100E-03,+306.0678E-03,-6.2311E-03
+28.2200E-03,+314.6105E-03,-16.2814E-03
+28.2300E-03,+333.2035E-03,-15.0251E-03
+28.2400E-03,+338.2286E-03,-15.0251E-03
+28.2500E-03,+338.2286E-03,-15.0251E-03
+28.2600E-03,+346.2688E-03,-15.0251E-03
+28.2700E-03,+346.2688E-03,-26.3316E-03
+28.2800E-03,+352.8015E-03,-15.0251E-03
+28.2900E-03,+354.3090E-03,-15.0251E-03
+28.3000E-03,+346.7714E-03,-16.2814E-03
+28.3100E-03,+349.2839E-03,-35.1256E-03
+28.3200E-03,+354.8116E-03,-12.5125E-03
+28.3300E-03,+358.8317E-03,-15.0251E-03
+28.3400E-03,+354.3090E-03,-32.6130E-03
+28.3500E-03,+363.3543E-03,-26.3316E-03
+28.3600E-03,+361.3442E-03,-15.0251E-03
+28.3700E-03,+362.3492E-03,-26.3316E-03
+28.3800E-03,+362.3492E-03,-32.6130E-03
+28.3900E-03,+362.3492E-03,-22.5628E-03
